slug;nom;famille;donnee;valeur;unite;source;supposee;alertes
poutrelle-hea-100-en-acier;Poutrelle HEA 100 en acier;poutrelle-hea;serie;HEA;;nom du produit;;
poutrelle-hea-100-en-acier;Poutrelle HEA 100 en acier;poutrelle-hea;h;96;mm;fiche fournisseur VM 2013 — INFOSTEEL - GRYMAFER - VM2013 - HEA.pdf;;
poutrelle-hea-100-en-acier;Poutrelle HEA 100 en acier;poutrelle-hea;b;100;mm;fiche fournisseur VM 2013 — INFOSTEEL - GRYMAFER - VM2013 - HEA.pdf;;
poutrelle-hea-100-en-acier;Poutrelle HEA 100 en acier;poutrelle-hea;tw;5;mm;fiche fournisseur VM 2013 — INFOSTEEL - GRYMAFER - VM2013 - HEA.pdf;;
poutrelle-hea-100-en-acier;Poutrelle HEA 100 en acier;poutrelle-hea;tf;8;mm;fiche fournisseur VM 2013 — INFOSTEEL - GRYMAFER - VM2013 - HEA.pdf;;
poutrelle-hea-100-en-acier;Poutrelle HEA 100 en acier;poutrelle-hea;r;12;mm;fiche fournisseur VM 2013 — INFOSTEEL - GRYMAFER - VM2013 - HEA.pdf;;
poutrelle-hea-100-en-acier;Poutrelle HEA 100 en acier;poutrelle-hea;poids;17,1;kg/m;site actuel — fiche produit;;
poutrelle-hea-100-en-acier;Poutrelle HEA 100 en acier;poutrelle-hea;finition;GPP;;site actuel — option de la fiche;;
poutrelle-hea-100-en-acier;Poutrelle HEA 100 en acier;poutrelle-hea;longueurs;1 / 2 / 3 / 4 / 5 / 6;m;site actuel — option de la fiche;;
poutrelle-hea-120-en-acier;Poutrelle HEA 120 en acier;poutrelle-hea;serie;HEA;;nom du produit;;
poutrelle-hea-120-en-acier;Poutrelle HEA 120 en acier;poutrelle-hea;h;114;mm;fiche fournisseur VM 2013 — INFOSTEEL - GRYMAFER - VM2013 - HEA.pdf;;
poutrelle-hea-120-en-acier;Poutrelle HEA 120 en acier;poutrelle-hea;b;120;mm;fiche fournisseur VM 2013 — INFOSTEEL - GRYMAFER - VM2013 - HEA.pdf;;
poutrelle-hea-120-en-acier;Poutrelle HEA 120 en acier;poutrelle-hea;tw;5;mm;fiche fournisseur VM 2013 — INFOSTEEL - GRYMAFER - VM2013 - HEA.pdf;;
poutrelle-hea-120-en-acier;Poutrelle HEA 120 en acier;poutrelle-hea;tf;8;mm;fiche fournisseur VM 2013 — INFOSTEEL - GRYMAFER - VM2013 - HEA.pdf;;
poutrelle-hea-120-en-acier;Poutrelle HEA 120 en acier;poutrelle-hea;r;12;mm;fiche fournisseur VM 2013 — INFOSTEEL - GRYMAFER - VM2013 - HEA.pdf;;
poutrelle-hea-120-en-acier;Poutrelle HEA 120 en acier;poutrelle-hea;poids;20,38;kg/m;site actuel — fiche produit;;
poutrelle-hea-120-en-acier;Poutrelle HEA 120 en acier;poutrelle-hea;finition;GPP;;site actuel — option de la fiche;;
poutrelle-hea-120-en-acier;Poutrelle HEA 120 en acier;poutrelle-hea;longueurs;1 / 2 / 3 / 4 / 5 / 6;m;site actuel — option de la fiche;;
poutrelle-hea-140-en-acier;Poutrelle HEA 140 en acier;poutrelle-hea;serie;HEA;;nom du produit;;
poutrelle-hea-140-en-acier;Poutrelle HEA 140 en acier;poutrelle-hea;h;133;mm;fiche fournisseur VM 2013 — INFOSTEEL - GRYMAFER - VM2013 - HEA.pdf;;
poutrelle-hea-140-en-acier;Poutrelle HEA 140 en acier;poutrelle-hea;b;140;mm;fiche fournisseur VM 2013 — INFOSTEEL - GRYMAFER - VM2013 - HEA.pdf;;
poutrelle-hea-140-en-acier;Poutrelle HEA 140 en acier;poutrelle-hea;tw;5,5;mm;fiche fournisseur VM 2013 — INFOSTEEL - GRYMAFER - VM2013 - HEA.pdf;;
poutrelle-hea-140-en-acier;Poutrelle HEA 140 en acier;poutrelle-hea;tf;8,5;mm;fiche fournisseur VM 2013 — INFOSTEEL - GRYMAFER - VM2013 - HEA.pdf;;
poutrelle-hea-140-en-acier;Poutrelle HEA 140 en acier;poutrelle-hea;r;12;mm;fiche fournisseur VM 2013 — INFOSTEEL - GRYMAFER - VM2013 - HEA.pdf;;
poutrelle-hea-140-en-acier;Poutrelle HEA 140 en acier;poutrelle-hea;poids;25,3;kg/m;site actuel — fiche produit;;
poutrelle-hea-140-en-acier;Poutrelle HEA 140 en acier;poutrelle-hea;finition;GPP;;site actuel — option de la fiche;;
poutrelle-hea-140-en-acier;Poutrelle HEA 140 en acier;poutrelle-hea;longueurs;1 / 2 / 3 / 4 / 5 / 6;m;site actuel — option de la fiche;;
poutrelle-hea-160-en-acier;Poutrelle HEA 160 en acier;poutrelle-hea;serie;HEA;;nom du produit;;
poutrelle-hea-160-en-acier;Poutrelle HEA 160 en acier;poutrelle-hea;h;152;mm;fiche fournisseur VM 2013 — INFOSTEEL - GRYMAFER - VM2013 - HEA.pdf;;
poutrelle-hea-160-en-acier;Poutrelle HEA 160 en acier;poutrelle-hea;b;160;mm;fiche fournisseur VM 2013 — INFOSTEEL - GRYMAFER - VM2013 - HEA.pdf;;
poutrelle-hea-160-en-acier;Poutrelle HEA 160 en acier;poutrelle-hea;tw;6;mm;fiche fournisseur VM 2013 — INFOSTEEL - GRYMAFER - VM2013 - HEA.pdf;;
poutrelle-hea-160-en-acier;Poutrelle HEA 160 en acier;poutrelle-hea;tf;9;mm;fiche fournisseur VM 2013 — INFOSTEEL - GRYMAFER - VM2013 - HEA.pdf;;
poutrelle-hea-160-en-acier;Poutrelle HEA 160 en acier;poutrelle-hea;r;15;mm;fiche fournisseur VM 2013 — INFOSTEEL - GRYMAFER - VM2013 - HEA.pdf;;
poutrelle-hea-160-en-acier;Poutrelle HEA 160 en acier;poutrelle-hea;poids;31,14;kg/m;site actuel — fiche produit;;
poutrelle-hea-160-en-acier;Poutrelle HEA 160 en acier;poutrelle-hea;finition;GPP;;site actuel — option de la fiche;;
poutrelle-hea-160-en-acier;Poutrelle HEA 160 en acier;poutrelle-hea;longueurs;1 / 2 / 3 / 4 / 5 / 6;m;site actuel — option de la fiche;;
poutrelle-hea-180-en-acier;Poutrelle HEA 180 en acier;poutrelle-hea;serie;HEA;;nom du produit;;
poutrelle-hea-180-en-acier;Poutrelle HEA 180 en acier;poutrelle-hea;h;171;mm;fiche fournisseur VM 2013 — INFOSTEEL - GRYMAFER - VM2013 - HEA.pdf;;
poutrelle-hea-180-en-acier;Poutrelle HEA 180 en acier;poutrelle-hea;b;180;mm;fiche fournisseur VM 2013 — INFOSTEEL - GRYMAFER - VM2013 - HEA.pdf;;
poutrelle-hea-180-en-acier;Poutrelle HEA 180 en acier;poutrelle-hea;tw;6;mm;fiche fournisseur VM 2013 — INFOSTEEL - GRYMAFER - VM2013 - HEA.pdf;;
poutrelle-hea-180-en-acier;Poutrelle HEA 180 en acier;poutrelle-hea;tf;9,5;mm;fiche fournisseur VM 2013 — INFOSTEEL - GRYMAFER - VM2013 - HEA.pdf;;
poutrelle-hea-180-en-acier;Poutrelle HEA 180 en acier;poutrelle-hea;r;15;mm;fiche fournisseur VM 2013 — INFOSTEEL - GRYMAFER - VM2013 - HEA.pdf;;
poutrelle-hea-180-en-acier;Poutrelle HEA 180 en acier;poutrelle-hea;poids;36,36;kg/m;site actuel — fiche produit;;
poutrelle-hea-180-en-acier;Poutrelle HEA 180 en acier;poutrelle-hea;finition;GPP;;site actuel — option de la fiche;;
poutrelle-hea-180-en-acier;Poutrelle HEA 180 en acier;poutrelle-hea;longueurs;1 / 2 / 3 / 4 / 5 / 6;m;site actuel — option de la fiche;;
poutrelle-hea-200-en-acier;Poutrelle HEA 200 en acier;poutrelle-hea;serie;HEA;;nom du produit;;
poutrelle-hea-200-en-acier;Poutrelle HEA 200 en acier;poutrelle-hea;h;190;mm;fiche fournisseur VM 2013 — INFOSTEEL - GRYMAFER - VM2013 - HEA.pdf;;
poutrelle-hea-200-en-acier;Poutrelle HEA 200 en acier;poutrelle-hea;b;200;mm;fiche fournisseur VM 2013 — INFOSTEEL - GRYMAFER - VM2013 - HEA.pdf;;
poutrelle-hea-200-en-acier;Poutrelle HEA 200 en acier;poutrelle-hea;tw;6,5;mm;fiche fournisseur VM 2013 — INFOSTEEL - GRYMAFER - VM2013 - HEA.pdf;;
poutrelle-hea-200-en-acier;Poutrelle HEA 200 en acier;poutrelle-hea;tf;10;mm;fiche fournisseur VM 2013 — INFOSTEEL - GRYMAFER - VM2013 - HEA.pdf;;
poutrelle-hea-200-en-acier;Poutrelle HEA 200 en acier;poutrelle-hea;r;18;mm;fiche fournisseur VM 2013 — INFOSTEEL - GRYMAFER - VM2013 - HEA.pdf;;
poutrelle-hea-200-en-acier;Poutrelle HEA 200 en acier;poutrelle-hea;poids;43,32;kg/m;site actuel — fiche produit;;
poutrelle-hea-200-en-acier;Poutrelle HEA 200 en acier;poutrelle-hea;finition;GPP;;site actuel — option de la fiche;;
poutrelle-hea-200-en-acier;Poutrelle HEA 200 en acier;poutrelle-hea;longueurs;1 / 2 / 3 / 4 / 5 / 6;m;site actuel — option de la fiche;;
poutrelle-hea-220-en-acier;Poutrelle HEA 220 en acier;poutrelle-hea;serie;HEA;;nom du produit;;
poutrelle-hea-220-en-acier;Poutrelle HEA 220 en acier;poutrelle-hea;h;210;mm;fiche fournisseur VM 2013 — INFOSTEEL - GRYMAFER - VM2013 - HEA.pdf;;
poutrelle-hea-220-en-acier;Poutrelle HEA 220 en acier;poutrelle-hea;b;220;mm;fiche fournisseur VM 2013 — INFOSTEEL - GRYMAFER - VM2013 - HEA.pdf;;
poutrelle-hea-220-en-acier;Poutrelle HEA 220 en acier;poutrelle-hea;tw;7;mm;fiche fournisseur VM 2013 — INFOSTEEL - GRYMAFER - VM2013 - HEA.pdf;;
poutrelle-hea-220-en-acier;Poutrelle HEA 220 en acier;poutrelle-hea;tf;11;mm;fiche fournisseur VM 2013 — INFOSTEEL - GRYMAFER - VM2013 - HEA.pdf;;
poutrelle-hea-220-en-acier;Poutrelle HEA 220 en acier;poutrelle-hea;r;18;mm;fiche fournisseur VM 2013 — INFOSTEEL - GRYMAFER - VM2013 - HEA.pdf;;
poutrelle-hea-220-en-acier;Poutrelle HEA 220 en acier;poutrelle-hea;poids;51,72;kg/m;site actuel — fiche produit;;
poutrelle-hea-220-en-acier;Poutrelle HEA 220 en acier;poutrelle-hea;finition;GPP;;site actuel — option de la fiche;;
poutrelle-hea-220-en-acier;Poutrelle HEA 220 en acier;poutrelle-hea;longueurs;1 / 2 / 3 / 4 / 5 / 6;m;site actuel — option de la fiche;;
poutrelle-hea-240-en-acier;Poutrelle HEA 240 en acier;poutrelle-hea;serie;HEA;;nom du produit;;
poutrelle-hea-240-en-acier;Poutrelle HEA 240 en acier;poutrelle-hea;h;230;mm;fiche fournisseur VM 2013 — INFOSTEEL - GRYMAFER - VM2013 - HEA.pdf;;
poutrelle-hea-240-en-acier;Poutrelle HEA 240 en acier;poutrelle-hea;b;240;mm;fiche fournisseur VM 2013 — INFOSTEEL - GRYMAFER - VM2013 - HEA.pdf;;
poutrelle-hea-240-en-acier;Poutrelle HEA 240 en acier;poutrelle-hea;tw;7,5;mm;fiche fournisseur VM 2013 — INFOSTEEL - GRYMAFER - VM2013 - HEA.pdf;;
poutrelle-hea-240-en-acier;Poutrelle HEA 240 en acier;poutrelle-hea;tf;12;mm;fiche fournisseur VM 2013 — INFOSTEEL - GRYMAFER - VM2013 - HEA.pdf;;
poutrelle-hea-240-en-acier;Poutrelle HEA 240 en acier;poutrelle-hea;r;21;mm;fiche fournisseur VM 2013 — INFOSTEEL - GRYMAFER - VM2013 - HEA.pdf;;
poutrelle-hea-240-en-acier;Poutrelle HEA 240 en acier;poutrelle-hea;poids;61,76;kg/m;site actuel — fiche produit;;
poutrelle-hea-240-en-acier;Poutrelle HEA 240 en acier;poutrelle-hea;finition;GPP;;site actuel — option de la fiche;;
poutrelle-hea-240-en-acier;Poutrelle HEA 240 en acier;poutrelle-hea;longueurs;1 / 2 / 3 / 4 / 5 / 6;m;site actuel — option de la fiche;;
poutrelle-hea-260-en-acier;Poutrelle HEA 260 en acier;poutrelle-hea;serie;HEA;;nom du produit;;
poutrelle-hea-260-en-acier;Poutrelle HEA 260 en acier;poutrelle-hea;h;250;mm;fiche fournisseur VM 2013 — INFOSTEEL - GRYMAFER - VM2013 - HEA.pdf;;
poutrelle-hea-260-en-acier;Poutrelle HEA 260 en acier;poutrelle-hea;b;260;mm;fiche fournisseur VM 2013 — INFOSTEEL - GRYMAFER - VM2013 - HEA.pdf;;
poutrelle-hea-260-en-acier;Poutrelle HEA 260 en acier;poutrelle-hea;tw;7,5;mm;fiche fournisseur VM 2013 — INFOSTEEL - GRYMAFER - VM2013 - HEA.pdf;;
poutrelle-hea-260-en-acier;Poutrelle HEA 260 en acier;poutrelle-hea;tf;12,5;mm;fiche fournisseur VM 2013 — INFOSTEEL - GRYMAFER - VM2013 - HEA.pdf;;
poutrelle-hea-260-en-acier;Poutrelle HEA 260 en acier;poutrelle-hea;r;24;mm;fiche fournisseur VM 2013 — INFOSTEEL - GRYMAFER - VM2013 - HEA.pdf;;
poutrelle-hea-260-en-acier;Poutrelle HEA 260 en acier;poutrelle-hea;poids;69,85;kg/m;site actuel — fiche produit;;
poutrelle-hea-260-en-acier;Poutrelle HEA 260 en acier;poutrelle-hea;finition;GPP;;site actuel — option de la fiche;;
poutrelle-hea-260-en-acier;Poutrelle HEA 260 en acier;poutrelle-hea;longueurs;1 / 2 / 3 / 4 / 5 / 6;m;site actuel — option de la fiche;;
poutrelle-hea-280-en-acier;Poutrelle HEA 280 en acier;poutrelle-hea;serie;HEA;;nom du produit;;
poutrelle-hea-280-en-acier;Poutrelle HEA 280 en acier;poutrelle-hea;h;270;mm;fiche fournisseur VM 2013 — INFOSTEEL - GRYMAFER - VM2013 - HEA.pdf;;
poutrelle-hea-280-en-acier;Poutrelle HEA 280 en acier;poutrelle-hea;b;280;mm;fiche fournisseur VM 2013 — INFOSTEEL - GRYMAFER - VM2013 - HEA.pdf;;
poutrelle-hea-280-en-acier;Poutrelle HEA 280 en acier;poutrelle-hea;tw;8;mm;fiche fournisseur VM 2013 — INFOSTEEL - GRYMAFER - VM2013 - HEA.pdf;;
poutrelle-hea-280-en-acier;Poutrelle HEA 280 en acier;poutrelle-hea;tf;13;mm;fiche fournisseur VM 2013 — INFOSTEEL - GRYMAFER - VM2013 - HEA.pdf;;
poutrelle-hea-280-en-acier;Poutrelle HEA 280 en acier;poutrelle-hea;r;24;mm;fiche fournisseur VM 2013 — INFOSTEEL - GRYMAFER - VM2013 - HEA.pdf;;
poutrelle-hea-280-en-acier;Poutrelle HEA 280 en acier;poutrelle-hea;poids;78,25;kg/m;site actuel — fiche produit;;
poutrelle-hea-280-en-acier;Poutrelle HEA 280 en acier;poutrelle-hea;finition;GPP;;site actuel — option de la fiche;;
poutrelle-hea-280-en-acier;Poutrelle HEA 280 en acier;poutrelle-hea;longueurs;1 / 2 / 3 / 4 / 5 / 6;m;site actuel — option de la fiche;;
poutrelle-hea-300-en-acier;Poutrelle HEA 300 en acier;poutrelle-hea;serie;HEA;;nom du produit;;
poutrelle-hea-300-en-acier;Poutrelle HEA 300 en acier;poutrelle-hea;h;290;mm;fiche fournisseur VM 2013 — INFOSTEEL - GRYMAFER - VM2013 - HEA.pdf;;
poutrelle-hea-300-en-acier;Poutrelle HEA 300 en acier;poutrelle-hea;b;300;mm;fiche fournisseur VM 2013 — INFOSTEEL - GRYMAFER - VM2013 - HEA.pdf;;
poutrelle-hea-300-en-acier;Poutrelle HEA 300 en acier;poutrelle-hea;tw;8,5;mm;fiche fournisseur VM 2013 — INFOSTEEL - GRYMAFER - VM2013 - HEA.pdf;;
poutrelle-hea-300-en-acier;Poutrelle HEA 300 en acier;poutrelle-hea;tf;14;mm;fiche fournisseur VM 2013 — INFOSTEEL - GRYMAFER - VM2013 - HEA.pdf;;
poutrelle-hea-300-en-acier;Poutrelle HEA 300 en acier;poutrelle-hea;r;27;mm;fiche fournisseur VM 2013 — INFOSTEEL - GRYMAFER - VM2013 - HEA.pdf;;
poutrelle-hea-300-en-acier;Poutrelle HEA 300 en acier;poutrelle-hea;poids;90,44;kg/m;site actuel — fiche produit;;
poutrelle-hea-300-en-acier;Poutrelle HEA 300 en acier;poutrelle-hea;finition;GPP;;site actuel — option de la fiche;;
poutrelle-hea-300-en-acier;Poutrelle HEA 300 en acier;poutrelle-hea;longueurs;1 / 2 / 3 / 4 / 5 / 6;m;site actuel — option de la fiche;;
poutrelle-heb-100-en-acier;Poutrelle HEB 100 en acier;poutrelle-heb;serie;HEB;;nom du produit;;
poutrelle-heb-100-en-acier;Poutrelle HEB 100 en acier;poutrelle-heb;h;100;mm;fiche fournisseur VM 2013 — INFOSTEEL - GRYMAFER - VM2013 - HEB.pdf;;
poutrelle-heb-100-en-acier;Poutrelle HEB 100 en acier;poutrelle-heb;b;100;mm;fiche fournisseur VM 2013 — INFOSTEEL - GRYMAFER - VM2013 - HEB.pdf;;
poutrelle-heb-100-en-acier;Poutrelle HEB 100 en acier;poutrelle-heb;tw;6;mm;fiche fournisseur VM 2013 — INFOSTEEL - GRYMAFER - VM2013 - HEB.pdf;;
poutrelle-heb-100-en-acier;Poutrelle HEB 100 en acier;poutrelle-heb;tf;10;mm;fiche fournisseur VM 2013 — INFOSTEEL - GRYMAFER - VM2013 - HEB.pdf;;
poutrelle-heb-100-en-acier;Poutrelle HEB 100 en acier;poutrelle-heb;r;12;mm;fiche fournisseur VM 2013 — INFOSTEEL - GRYMAFER - VM2013 - HEB.pdf;;
poutrelle-heb-100-en-acier;Poutrelle HEB 100 en acier;poutrelle-heb;poids;20,89;kg/m;site actuel — fiche produit;;
poutrelle-heb-100-en-acier;Poutrelle HEB 100 en acier;poutrelle-heb;finition;GPP;;site actuel — option de la fiche;;
poutrelle-heb-100-en-acier;Poutrelle HEB 100 en acier;poutrelle-heb;longueurs;1 / 2 / 3 / 4 / 5 / 6;m;site actuel — option de la fiche;;
poutrelle-heb-100-en-acier;Poutrelle HEB 100 en acier;poutrelle-heb;nuance;S275 / S355;;site actuel — description de la fiche;;
poutrelle-heb-120-en-acier;Poutrelle HEB 120 en acier;poutrelle-heb;serie;HEB;;nom du produit;;
poutrelle-heb-120-en-acier;Poutrelle HEB 120 en acier;poutrelle-heb;h;120;mm;fiche fournisseur VM 2013 — INFOSTEEL - GRYMAFER - VM2013 - HEB.pdf;;
poutrelle-heb-120-en-acier;Poutrelle HEB 120 en acier;poutrelle-heb;b;120;mm;fiche fournisseur VM 2013 — INFOSTEEL - GRYMAFER - VM2013 - HEB.pdf;;
poutrelle-heb-120-en-acier;Poutrelle HEB 120 en acier;poutrelle-heb;tw;6,5;mm;fiche fournisseur VM 2013 — INFOSTEEL - GRYMAFER - VM2013 - HEB.pdf;;
poutrelle-heb-120-en-acier;Poutrelle HEB 120 en acier;poutrelle-heb;tf;11;mm;fiche fournisseur VM 2013 — INFOSTEEL - GRYMAFER - VM2013 - HEB.pdf;;
poutrelle-heb-120-en-acier;Poutrelle HEB 120 en acier;poutrelle-heb;r;12;mm;fiche fournisseur VM 2013 — INFOSTEEL - GRYMAFER - VM2013 - HEB.pdf;;
poutrelle-heb-120-en-acier;Poutrelle HEB 120 en acier;poutrelle-heb;poids;27,35;kg/m;site actuel — fiche produit;;
poutrelle-heb-120-en-acier;Poutrelle HEB 120 en acier;poutrelle-heb;finition;GPP;;site actuel — option de la fiche;;
poutrelle-heb-120-en-acier;Poutrelle HEB 120 en acier;poutrelle-heb;longueurs;1 / 2 / 3 / 4 / 5 / 6;m;site actuel — option de la fiche;;
poutrelle-heb-120-en-acier;Poutrelle HEB 120 en acier;poutrelle-heb;nuance;S275 / S355;;site actuel — description de la fiche;;
poutrelle-heb-140-en-acier;Poutrelle HEB 140 en acier;poutrelle-heb;serie;HEB;;nom du produit;;
poutrelle-heb-140-en-acier;Poutrelle HEB 140 en acier;poutrelle-heb;h;140;mm;fiche fournisseur VM 2013 — INFOSTEEL - GRYMAFER - VM2013 - HEB.pdf;;
poutrelle-heb-140-en-acier;Poutrelle HEB 140 en acier;poutrelle-heb;b;140;mm;fiche fournisseur VM 2013 — INFOSTEEL - GRYMAFER - VM2013 - HEB.pdf;;
poutrelle-heb-140-en-acier;Poutrelle HEB 140 en acier;poutrelle-heb;tw;7;mm;fiche fournisseur VM 2013 — INFOSTEEL - GRYMAFER - VM2013 - HEB.pdf;;
poutrelle-heb-140-en-acier;Poutrelle HEB 140 en acier;poutrelle-heb;tf;12;mm;fiche fournisseur VM 2013 — INFOSTEEL - GRYMAFER - VM2013 - HEB.pdf;;
poutrelle-heb-140-en-acier;Poutrelle HEB 140 en acier;poutrelle-heb;r;12;mm;fiche fournisseur VM 2013 — INFOSTEEL - GRYMAFER - VM2013 - HEB.pdf;;
poutrelle-heb-140-en-acier;Poutrelle HEB 140 en acier;poutrelle-heb;poids;34,52;kg/m;site actuel — fiche produit;;
poutrelle-heb-140-en-acier;Poutrelle HEB 140 en acier;poutrelle-heb;finition;GPP;;site actuel — option de la fiche;;
poutrelle-heb-140-en-acier;Poutrelle HEB 140 en acier;poutrelle-heb;longueurs;1 / 2 / 3 / 4 / 5 / 6;m;site actuel — option de la fiche;;
poutrelle-heb-140-en-acier;Poutrelle HEB 140 en acier;poutrelle-heb;nuance;S275 / S355;;site actuel — description de la fiche;;
poutrelle-heb-160-en-acier;Poutrelle HEB 160 en acier;poutrelle-heb;serie;HEB;;nom du produit;;
poutrelle-heb-160-en-acier;Poutrelle HEB 160 en acier;poutrelle-heb;h;160;mm;fiche fournisseur VM 2013 — INFOSTEEL - GRYMAFER - VM2013 - HEB.pdf;;
poutrelle-heb-160-en-acier;Poutrelle HEB 160 en acier;poutrelle-heb;b;160;mm;fiche fournisseur VM 2013 — INFOSTEEL - GRYMAFER - VM2013 - HEB.pdf;;
poutrelle-heb-160-en-acier;Poutrelle HEB 160 en acier;poutrelle-heb;tw;8;mm;fiche fournisseur VM 2013 — INFOSTEEL - GRYMAFER - VM2013 - HEB.pdf;;
poutrelle-heb-160-en-acier;Poutrelle HEB 160 en acier;poutrelle-heb;tf;13;mm;fiche fournisseur VM 2013 — INFOSTEEL - GRYMAFER - VM2013 - HEB.pdf;;
poutrelle-heb-160-en-acier;Poutrelle HEB 160 en acier;poutrelle-heb;r;15;mm;fiche fournisseur VM 2013 — INFOSTEEL - GRYMAFER - VM2013 - HEB.pdf;;
poutrelle-heb-160-en-acier;Poutrelle HEB 160 en acier;poutrelle-heb;poids;43,63;kg/m;site actuel — fiche produit;;
poutrelle-heb-160-en-acier;Poutrelle HEB 160 en acier;poutrelle-heb;finition;GPP;;site actuel — option de la fiche;;
poutrelle-heb-160-en-acier;Poutrelle HEB 160 en acier;poutrelle-heb;longueurs;1 / 2 / 3 / 4 / 5 / 6;m;site actuel — option de la fiche;;
poutrelle-heb-160-en-acier;Poutrelle HEB 160 en acier;poutrelle-heb;nuance;S275 / S355;;site actuel — description de la fiche;;
poutrelle-heb-180-en-acier;Poutrelle HEB 180 en acier;poutrelle-heb;serie;HEB;;nom du produit;;
poutrelle-heb-180-en-acier;Poutrelle HEB 180 en acier;poutrelle-heb;h;180;mm;fiche fournisseur VM 2013 — INFOSTEEL - GRYMAFER - VM2013 - HEB.pdf;;
poutrelle-heb-180-en-acier;Poutrelle HEB 180 en acier;poutrelle-heb;b;180;mm;fiche fournisseur VM 2013 — INFOSTEEL - GRYMAFER - VM2013 - HEB.pdf;;
poutrelle-heb-180-en-acier;Poutrelle HEB 180 en acier;poutrelle-heb;tw;8,5;mm;fiche fournisseur VM 2013 — INFOSTEEL - GRYMAFER - VM2013 - HEB.pdf;;
poutrelle-heb-180-en-acier;Poutrelle HEB 180 en acier;poutrelle-heb;tf;14;mm;fiche fournisseur VM 2013 — INFOSTEEL - GRYMAFER - VM2013 - HEB.pdf;;
poutrelle-heb-180-en-acier;Poutrelle HEB 180 en acier;poutrelle-heb;r;15;mm;fiche fournisseur VM 2013 — INFOSTEEL - GRYMAFER - VM2013 - HEB.pdf;;
poutrelle-heb-180-en-acier;Poutrelle HEB 180 en acier;poutrelle-heb;poids;52,44;kg/m;site actuel — fiche produit;;
poutrelle-heb-180-en-acier;Poutrelle HEB 180 en acier;poutrelle-heb;finition;GPP;;site actuel — option de la fiche;;
poutrelle-heb-180-en-acier;Poutrelle HEB 180 en acier;poutrelle-heb;longueurs;1 / 2 / 3 / 4 / 5 / 6;m;site actuel — option de la fiche;;
poutrelle-heb-180-en-acier;Poutrelle HEB 180 en acier;poutrelle-heb;nuance;S275 / S355;;site actuel — description de la fiche;;
poutrelle-heb-200-en-acier;Poutrelle HEB 200 en acier;poutrelle-heb;serie;HEB;;nom du produit;;
poutrelle-heb-200-en-acier;Poutrelle HEB 200 en acier;poutrelle-heb;h;200;mm;fiche fournisseur VM 2013 — INFOSTEEL - GRYMAFER - VM2013 - HEB.pdf;;
poutrelle-heb-200-en-acier;Poutrelle HEB 200 en acier;poutrelle-heb;b;200;mm;fiche fournisseur VM 2013 — INFOSTEEL - GRYMAFER - VM2013 - HEB.pdf;;
poutrelle-heb-200-en-acier;Poutrelle HEB 200 en acier;poutrelle-heb;tw;9;mm;fiche fournisseur VM 2013 — INFOSTEEL - GRYMAFER - VM2013 - HEB.pdf;;
poutrelle-heb-200-en-acier;Poutrelle HEB 200 en acier;poutrelle-heb;tf;15;mm;fiche fournisseur VM 2013 — INFOSTEEL - GRYMAFER - VM2013 - HEB.pdf;;
poutrelle-heb-200-en-acier;Poutrelle HEB 200 en acier;poutrelle-heb;r;18;mm;fiche fournisseur VM 2013 — INFOSTEEL - GRYMAFER - VM2013 - HEB.pdf;;
poutrelle-heb-200-en-acier;Poutrelle HEB 200 en acier;poutrelle-heb;poids;62,78;kg/m;site actuel — fiche produit;;
poutrelle-heb-200-en-acier;Poutrelle HEB 200 en acier;poutrelle-heb;finition;GPP;;site actuel — option de la fiche;;
poutrelle-heb-200-en-acier;Poutrelle HEB 200 en acier;poutrelle-heb;longueurs;1 / 2 / 3 / 4 / 5 / 6;m;site actuel — option de la fiche;;
poutrelle-heb-200-en-acier;Poutrelle HEB 200 en acier;poutrelle-heb;nuance;S275 / S355;;site actuel — description de la fiche;;
poutrelle-heb-220-en-acier;Poutrelle HEB 220 en acier;poutrelle-heb;serie;HEB;;nom du produit;;
poutrelle-heb-220-en-acier;Poutrelle HEB 220 en acier;poutrelle-heb;h;220;mm;fiche fournisseur VM 2013 — INFOSTEEL - GRYMAFER - VM2013 - HEB.pdf;;
poutrelle-heb-220-en-acier;Poutrelle HEB 220 en acier;poutrelle-heb;b;220;mm;fiche fournisseur VM 2013 — INFOSTEEL - GRYMAFER - VM2013 - HEB.pdf;;
poutrelle-heb-220-en-acier;Poutrelle HEB 220 en acier;poutrelle-heb;tw;9,5;mm;fiche fournisseur VM 2013 — INFOSTEEL - GRYMAFER - VM2013 - HEB.pdf;;
poutrelle-heb-220-en-acier;Poutrelle HEB 220 en acier;poutrelle-heb;tf;16;mm;fiche fournisseur VM 2013 — INFOSTEEL - GRYMAFER - VM2013 - HEB.pdf;;
poutrelle-heb-220-en-acier;Poutrelle HEB 220 en acier;poutrelle-heb;r;18;mm;fiche fournisseur VM 2013 — INFOSTEEL - GRYMAFER - VM2013 - HEB.pdf;;
poutrelle-heb-220-en-acier;Poutrelle HEB 220 en acier;poutrelle-heb;poids;73,23;kg/m;site actuel — fiche produit;;
poutrelle-heb-220-en-acier;Poutrelle HEB 220 en acier;poutrelle-heb;finition;GPP;;site actuel — option de la fiche;;
poutrelle-heb-220-en-acier;Poutrelle HEB 220 en acier;poutrelle-heb;longueurs;1 / 2 / 3 / 4 / 5 / 6;m;site actuel — option de la fiche;;
poutrelle-heb-220-en-acier;Poutrelle HEB 220 en acier;poutrelle-heb;nuance;S275 / S355;;site actuel — description de la fiche;;
poutrelle-heb-240-en-acier;Poutrelle HEB 240 en acier;poutrelle-heb;serie;HEB;;nom du produit;;
poutrelle-heb-240-en-acier;Poutrelle HEB 240 en acier;poutrelle-heb;h;240;mm;fiche fournisseur VM 2013 — INFOSTEEL - GRYMAFER - VM2013 - HEB.pdf;;
poutrelle-heb-240-en-acier;Poutrelle HEB 240 en acier;poutrelle-heb;b;240;mm;fiche fournisseur VM 2013 — INFOSTEEL - GRYMAFER - VM2013 - HEB.pdf;;
poutrelle-heb-240-en-acier;Poutrelle HEB 240 en acier;poutrelle-heb;tw;10;mm;fiche fournisseur VM 2013 — INFOSTEEL - GRYMAFER - VM2013 - HEB.pdf;;
poutrelle-heb-240-en-acier;Poutrelle HEB 240 en acier;poutrelle-heb;tf;17;mm;fiche fournisseur VM 2013 — INFOSTEEL - GRYMAFER - VM2013 - HEB.pdf;;
poutrelle-heb-240-en-acier;Poutrelle HEB 240 en acier;poutrelle-heb;r;21;mm;fiche fournisseur VM 2013 — INFOSTEEL - GRYMAFER - VM2013 - HEB.pdf;;
poutrelle-heb-240-en-acier;Poutrelle HEB 240 en acier;poutrelle-heb;poids;85,21;kg/m;site actuel — fiche produit;;
poutrelle-heb-240-en-acier;Poutrelle HEB 240 en acier;poutrelle-heb;finition;GPP;;site actuel — option de la fiche;;
poutrelle-heb-240-en-acier;Poutrelle HEB 240 en acier;poutrelle-heb;longueurs;1 / 2 / 3 / 4 / 5 / 6;m;site actuel — option de la fiche;;
poutrelle-heb-240-en-acier;Poutrelle HEB 240 en acier;poutrelle-heb;nuance;S275 / S355;;site actuel — description de la fiche;;
poutrelle-heb-260-en-acier;Poutrelle HEB 260 en acier;poutrelle-heb;serie;HEB;;nom du produit;;
poutrelle-heb-260-en-acier;Poutrelle HEB 260 en acier;poutrelle-heb;h;260;mm;fiche fournisseur VM 2013 — INFOSTEEL - GRYMAFER - VM2013 - HEB.pdf;;
poutrelle-heb-260-en-acier;Poutrelle HEB 260 en acier;poutrelle-heb;b;260;mm;fiche fournisseur VM 2013 — INFOSTEEL - GRYMAFER - VM2013 - HEB.pdf;;
poutrelle-heb-260-en-acier;Poutrelle HEB 260 en acier;poutrelle-heb;tw;10;mm;fiche fournisseur VM 2013 — INFOSTEEL - GRYMAFER - VM2013 - HEB.pdf;;
poutrelle-heb-260-en-acier;Poutrelle HEB 260 en acier;poutrelle-heb;tf;17,5;mm;fiche fournisseur VM 2013 — INFOSTEEL - GRYMAFER - VM2013 - HEB.pdf;;
poutrelle-heb-260-en-acier;Poutrelle HEB 260 en acier;poutrelle-heb;r;24;mm;fiche fournisseur VM 2013 — INFOSTEEL - GRYMAFER - VM2013 - HEB.pdf;;
poutrelle-heb-260-en-acier;Poutrelle HEB 260 en acier;poutrelle-heb;poids;95,25;kg/m;site actuel — fiche produit;;
poutrelle-heb-260-en-acier;Poutrelle HEB 260 en acier;poutrelle-heb;finition;GPP;;site actuel — option de la fiche;;
poutrelle-heb-260-en-acier;Poutrelle HEB 260 en acier;poutrelle-heb;longueurs;1 / 2 / 3 / 4 / 5 / 6;m;site actuel — option de la fiche;;
poutrelle-heb-260-en-acier;Poutrelle HEB 260 en acier;poutrelle-heb;nuance;S275 / S355;;site actuel — description de la fiche;;
poutrelle-heb-280-en-acier;Poutrelle HEB 280 en acier;poutrelle-heb;serie;HEB;;nom du produit;;
poutrelle-heb-280-en-acier;Poutrelle HEB 280 en acier;poutrelle-heb;h;280;mm;fiche fournisseur VM 2013 — INFOSTEEL - GRYMAFER - VM2013 - HEB.pdf;;
poutrelle-heb-280-en-acier;Poutrelle HEB 280 en acier;poutrelle-heb;b;280;mm;fiche fournisseur VM 2013 — INFOSTEEL - GRYMAFER - VM2013 - HEB.pdf;;
poutrelle-heb-280-en-acier;Poutrelle HEB 280 en acier;poutrelle-heb;tw;10,5;mm;fiche fournisseur VM 2013 — INFOSTEEL - GRYMAFER - VM2013 - HEB.pdf;;
poutrelle-heb-280-en-acier;Poutrelle HEB 280 en acier;poutrelle-heb;tf;18;mm;fiche fournisseur VM 2013 — INFOSTEEL - GRYMAFER - VM2013 - HEB.pdf;;
poutrelle-heb-280-en-acier;Poutrelle HEB 280 en acier;poutrelle-heb;r;24;mm;fiche fournisseur VM 2013 — INFOSTEEL - GRYMAFER - VM2013 - HEB.pdf;;
poutrelle-heb-280-en-acier;Poutrelle HEB 280 en acier;poutrelle-heb;poids;105,49;kg/m;site actuel — fiche produit;;
poutrelle-heb-280-en-acier;Poutrelle HEB 280 en acier;poutrelle-heb;finition;GPP;;site actuel — option de la fiche;;
poutrelle-heb-280-en-acier;Poutrelle HEB 280 en acier;poutrelle-heb;longueurs;1 / 2 / 3 / 4 / 5 / 6;m;site actuel — option de la fiche;;
poutrelle-heb-280-en-acier;Poutrelle HEB 280 en acier;poutrelle-heb;nuance;S275 / S355;;site actuel — description de la fiche;;
poutrelle-heb-300-en-acier;Poutrelle HEB 300 en acier;poutrelle-heb;serie;HEB;;nom du produit;;
poutrelle-heb-300-en-acier;Poutrelle HEB 300 en acier;poutrelle-heb;h;300;mm;fiche fournisseur VM 2013 — INFOSTEEL - GRYMAFER - VM2013 - HEB.pdf;;
poutrelle-heb-300-en-acier;Poutrelle HEB 300 en acier;poutrelle-heb;b;300;mm;fiche fournisseur VM 2013 — INFOSTEEL - GRYMAFER - VM2013 - HEB.pdf;;
poutrelle-heb-300-en-acier;Poutrelle HEB 300 en acier;poutrelle-heb;tw;11;mm;fiche fournisseur VM 2013 — INFOSTEEL - GRYMAFER - VM2013 - HEB.pdf;;
poutrelle-heb-300-en-acier;Poutrelle HEB 300 en acier;poutrelle-heb;tf;19;mm;fiche fournisseur VM 2013 — INFOSTEEL - GRYMAFER - VM2013 - HEB.pdf;;
poutrelle-heb-300-en-acier;Poutrelle HEB 300 en acier;poutrelle-heb;r;27;mm;fiche fournisseur VM 2013 — INFOSTEEL - GRYMAFER - VM2013 - HEB.pdf;;
poutrelle-heb-300-en-acier;Poutrelle HEB 300 en acier;poutrelle-heb;poids;119,83;kg/m;site actuel — fiche produit;;
poutrelle-heb-300-en-acier;Poutrelle HEB 300 en acier;poutrelle-heb;finition;GPP;;site actuel — option de la fiche;;
poutrelle-heb-300-en-acier;Poutrelle HEB 300 en acier;poutrelle-heb;longueurs;1 / 2 / 3 / 4 / 5 / 6;m;site actuel — option de la fiche;;
poutrelle-heb-300-en-acier;Poutrelle HEB 300 en acier;poutrelle-heb;nuance;S275 / S355;;site actuel — description de la fiche;;
poutrelle-ipe-100-en-acier;Poutrelle IPE 100 en acier;poutrelle-ipe;serie;IPE;;nom du produit;;
poutrelle-ipe-100-en-acier;Poutrelle IPE 100 en acier;poutrelle-ipe;h;100;mm;fiche fournisseur VM 2013 — POUTRELLE IPE ACIERS GROSJEAN 4(1).pdf;;
poutrelle-ipe-100-en-acier;Poutrelle IPE 100 en acier;poutrelle-ipe;b;55;mm;fiche fournisseur VM 2013 — POUTRELLE IPE ACIERS GROSJEAN 4(1).pdf;;
poutrelle-ipe-100-en-acier;Poutrelle IPE 100 en acier;poutrelle-ipe;tw;4,1;mm;fiche fournisseur VM 2013 — POUTRELLE IPE ACIERS GROSJEAN 4(1).pdf;;
poutrelle-ipe-100-en-acier;Poutrelle IPE 100 en acier;poutrelle-ipe;tf;5,7;mm;fiche fournisseur VM 2013 — POUTRELLE IPE ACIERS GROSJEAN 4(1).pdf;;
poutrelle-ipe-100-en-acier;Poutrelle IPE 100 en acier;poutrelle-ipe;r;7;mm;fiche fournisseur VM 2013 — POUTRELLE IPE ACIERS GROSJEAN 4(1).pdf;;
poutrelle-ipe-100-en-acier;Poutrelle IPE 100 en acier;poutrelle-ipe;poids;8,3;kg/m;site actuel — fiche produit;;
poutrelle-ipe-100-en-acier;Poutrelle IPE 100 en acier;poutrelle-ipe;finition;GPP;;site actuel — option de la fiche;;
poutrelle-ipe-100-en-acier;Poutrelle IPE 100 en acier;poutrelle-ipe;longueurs;1 / 2 / 3 / 4 / 5 / 6;m;site actuel — option de la fiche;;
poutrelle-ipe-100-en-acier;Poutrelle IPE 100 en acier;poutrelle-ipe;nuance;S275;;site actuel — description de la fiche;;
poutrelle-ipe-100-en-acier;Poutrelle IPE 100 en acier;poutrelle-ipe;norme;EN 10025;;site actuel — description de la fiche;;
poutrelle-ipe-100-en-acier;Poutrelle IPE 100 en acier;poutrelle-ipe;procede;Laminé à chaud;;site actuel — description de la fiche;;
poutrelle-ipe-120-en-acier;Poutrelle IPE 120 en acier;poutrelle-ipe;serie;IPE;;nom du produit;;
poutrelle-ipe-120-en-acier;Poutrelle IPE 120 en acier;poutrelle-ipe;h;120;mm;fiche fournisseur VM 2013 — POUTRELLE IPE ACIERS GROSJEAN 4(1).pdf;;
poutrelle-ipe-120-en-acier;Poutrelle IPE 120 en acier;poutrelle-ipe;b;64;mm;fiche fournisseur VM 2013 — POUTRELLE IPE ACIERS GROSJEAN 4(1).pdf;;
poutrelle-ipe-120-en-acier;Poutrelle IPE 120 en acier;poutrelle-ipe;tw;4,4;mm;fiche fournisseur VM 2013 — POUTRELLE IPE ACIERS GROSJEAN 4(1).pdf;;
poutrelle-ipe-120-en-acier;Poutrelle IPE 120 en acier;poutrelle-ipe;tf;6,3;mm;fiche fournisseur VM 2013 — POUTRELLE IPE ACIERS GROSJEAN 4(1).pdf;;
poutrelle-ipe-120-en-acier;Poutrelle IPE 120 en acier;poutrelle-ipe;r;7;mm;fiche fournisseur VM 2013 — POUTRELLE IPE ACIERS GROSJEAN 4(1).pdf;;
poutrelle-ipe-120-en-acier;Poutrelle IPE 120 en acier;poutrelle-ipe;poids;10,65;kg/m;site actuel — fiche produit;;
poutrelle-ipe-120-en-acier;Poutrelle IPE 120 en acier;poutrelle-ipe;finition;GPP;;site actuel — option de la fiche;;
poutrelle-ipe-120-en-acier;Poutrelle IPE 120 en acier;poutrelle-ipe;longueurs;1 / 2 / 3 / 4 / 5 / 6;m;site actuel — option de la fiche;;
poutrelle-ipe-120-en-acier;Poutrelle IPE 120 en acier;poutrelle-ipe;nuance;S275;;site actuel — description de la fiche;;
poutrelle-ipe-120-en-acier;Poutrelle IPE 120 en acier;poutrelle-ipe;norme;EN 10025;;site actuel — description de la fiche;;
poutrelle-ipe-120-en-acier;Poutrelle IPE 120 en acier;poutrelle-ipe;procede;Laminé à chaud;;site actuel — description de la fiche;;
poutrelle-ipe-140-en-acier;Poutrelle IPE 140 en acier;poutrelle-ipe;serie;IPE;;nom du produit;;
poutrelle-ipe-140-en-acier;Poutrelle IPE 140 en acier;poutrelle-ipe;h;140;mm;fiche fournisseur VM 2013 — POUTRELLE IPE ACIERS GROSJEAN 4(1).pdf;;
poutrelle-ipe-140-en-acier;Poutrelle IPE 140 en acier;poutrelle-ipe;b;73;mm;fiche fournisseur VM 2013 — POUTRELLE IPE ACIERS GROSJEAN 4(1).pdf;;
poutrelle-ipe-140-en-acier;Poutrelle IPE 140 en acier;poutrelle-ipe;tw;4,7;mm;fiche fournisseur VM 2013 — POUTRELLE IPE ACIERS GROSJEAN 4(1).pdf;;
poutrelle-ipe-140-en-acier;Poutrelle IPE 140 en acier;poutrelle-ipe;tf;6,9;mm;fiche fournisseur VM 2013 — POUTRELLE IPE ACIERS GROSJEAN 4(1).pdf;;
poutrelle-ipe-140-en-acier;Poutrelle IPE 140 en acier;poutrelle-ipe;r;7;mm;fiche fournisseur VM 2013 — POUTRELLE IPE ACIERS GROSJEAN 4(1).pdf;;
poutrelle-ipe-140-en-acier;Poutrelle IPE 140 en acier;poutrelle-ipe;poids;13,14;kg/m;site actuel — fiche produit;;
poutrelle-ipe-140-en-acier;Poutrelle IPE 140 en acier;poutrelle-ipe;finition;GPP;;site actuel — option de la fiche;;
poutrelle-ipe-140-en-acier;Poutrelle IPE 140 en acier;poutrelle-ipe;longueurs;1 / 2 / 3 / 4 / 5 / 6;m;site actuel — option de la fiche;;
poutrelle-ipe-140-en-acier;Poutrelle IPE 140 en acier;poutrelle-ipe;nuance;S275;;site actuel — description de la fiche;;
poutrelle-ipe-140-en-acier;Poutrelle IPE 140 en acier;poutrelle-ipe;norme;EN 10025;;site actuel — description de la fiche;;
poutrelle-ipe-140-en-acier;Poutrelle IPE 140 en acier;poutrelle-ipe;procede;Laminé à chaud;;site actuel — description de la fiche;;
poutrelle-ipe-160-en-acier;Poutrelle IPE 160 en acier;poutrelle-ipe;serie;IPE;;nom du produit;;
poutrelle-ipe-160-en-acier;Poutrelle IPE 160 en acier;poutrelle-ipe;h;160;mm;fiche fournisseur VM 2013 — POUTRELLE IPE ACIERS GROSJEAN 4(1).pdf;;
poutrelle-ipe-160-en-acier;Poutrelle IPE 160 en acier;poutrelle-ipe;b;82;mm;fiche fournisseur VM 2013 — POUTRELLE IPE ACIERS GROSJEAN 4(1).pdf;;
poutrelle-ipe-160-en-acier;Poutrelle IPE 160 en acier;poutrelle-ipe;tw;5;mm;fiche fournisseur VM 2013 — POUTRELLE IPE ACIERS GROSJEAN 4(1).pdf;;
poutrelle-ipe-160-en-acier;Poutrelle IPE 160 en acier;poutrelle-ipe;tf;7,4;mm;fiche fournisseur VM 2013 — POUTRELLE IPE ACIERS GROSJEAN 4(1).pdf;;
poutrelle-ipe-160-en-acier;Poutrelle IPE 160 en acier;poutrelle-ipe;r;9;mm;fiche fournisseur VM 2013 — POUTRELLE IPE ACIERS GROSJEAN 4(1).pdf;;
poutrelle-ipe-160-en-acier;Poutrelle IPE 160 en acier;poutrelle-ipe;poids;16,18;kg/m;site actuel — fiche produit;;
poutrelle-ipe-160-en-acier;Poutrelle IPE 160 en acier;poutrelle-ipe;finition;GPP;;site actuel — option de la fiche;;
poutrelle-ipe-160-en-acier;Poutrelle IPE 160 en acier;poutrelle-ipe;longueurs;1 / 2 / 3 / 4 / 5 / 6;m;site actuel — option de la fiche;;
poutrelle-ipe-160-en-acier;Poutrelle IPE 160 en acier;poutrelle-ipe;nuance;S275;;site actuel — description de la fiche;;
poutrelle-ipe-160-en-acier;Poutrelle IPE 160 en acier;poutrelle-ipe;norme;EN 10025;;site actuel — description de la fiche;;
poutrelle-ipe-160-en-acier;Poutrelle IPE 160 en acier;poutrelle-ipe;procede;Laminé à chaud;;site actuel — description de la fiche;;
poutrelle-ipe-180-en-acier;Poutrelle IPE 180 en acier;poutrelle-ipe;serie;IPE;;nom du produit;;
poutrelle-ipe-180-en-acier;Poutrelle IPE 180 en acier;poutrelle-ipe;h;180;mm;fiche fournisseur VM 2013 — POUTRELLE IPE ACIERS GROSJEAN 4(1).pdf;;
poutrelle-ipe-180-en-acier;Poutrelle IPE 180 en acier;poutrelle-ipe;b;91;mm;fiche fournisseur VM 2013 — POUTRELLE IPE ACIERS GROSJEAN 4(1).pdf;;
poutrelle-ipe-180-en-acier;Poutrelle IPE 180 en acier;poutrelle-ipe;tw;5,3;mm;fiche fournisseur VM 2013 — POUTRELLE IPE ACIERS GROSJEAN 4(1).pdf;;
poutrelle-ipe-180-en-acier;Poutrelle IPE 180 en acier;poutrelle-ipe;tf;8;mm;fiche fournisseur VM 2013 — POUTRELLE IPE ACIERS GROSJEAN 4(1).pdf;;
poutrelle-ipe-180-en-acier;Poutrelle IPE 180 en acier;poutrelle-ipe;r;9;mm;fiche fournisseur VM 2013 — POUTRELLE IPE ACIERS GROSJEAN 4(1).pdf;;
poutrelle-ipe-180-en-acier;Poutrelle IPE 180 en acier;poutrelle-ipe;poids;19,26;kg/m;site actuel — fiche produit;;
poutrelle-ipe-180-en-acier;Poutrelle IPE 180 en acier;poutrelle-ipe;finition;GPP;;site actuel — option de la fiche;;
poutrelle-ipe-180-en-acier;Poutrelle IPE 180 en acier;poutrelle-ipe;longueurs;1 / 2 / 3 / 4 / 5 / 6;m;site actuel — option de la fiche;;
poutrelle-ipe-180-en-acier;Poutrelle IPE 180 en acier;poutrelle-ipe;nuance;S275;;site actuel — description de la fiche;;
poutrelle-ipe-180-en-acier;Poutrelle IPE 180 en acier;poutrelle-ipe;norme;EN 10025;;site actuel — description de la fiche;;
poutrelle-ipe-180-en-acier;Poutrelle IPE 180 en acier;poutrelle-ipe;procede;Laminé à chaud;;site actuel — description de la fiche;;
poutrelle-ipe-200-en-acier;Poutrelle IPE 200 en acier;poutrelle-ipe;serie;IPE;;nom du produit;;
poutrelle-ipe-200-en-acier;Poutrelle IPE 200 en acier;poutrelle-ipe;h;200;mm;fiche fournisseur VM 2013 — POUTRELLE IPE ACIERS GROSJEAN 4(1).pdf;;
poutrelle-ipe-200-en-acier;Poutrelle IPE 200 en acier;poutrelle-ipe;b;100;mm;fiche fournisseur VM 2013 — POUTRELLE IPE ACIERS GROSJEAN 4(1).pdf;;
poutrelle-ipe-200-en-acier;Poutrelle IPE 200 en acier;poutrelle-ipe;tw;5,6;mm;fiche fournisseur VM 2013 — POUTRELLE IPE ACIERS GROSJEAN 4(1).pdf;;
poutrelle-ipe-200-en-acier;Poutrelle IPE 200 en acier;poutrelle-ipe;tf;8,5;mm;fiche fournisseur VM 2013 — POUTRELLE IPE ACIERS GROSJEAN 4(1).pdf;;
poutrelle-ipe-200-en-acier;Poutrelle IPE 200 en acier;poutrelle-ipe;r;12;mm;fiche fournisseur VM 2013 — POUTRELLE IPE ACIERS GROSJEAN 4(1).pdf;;
poutrelle-ipe-200-en-acier;Poutrelle IPE 200 en acier;poutrelle-ipe;poids;22,94;kg/m;site actuel — fiche produit;;
poutrelle-ipe-200-en-acier;Poutrelle IPE 200 en acier;poutrelle-ipe;finition;GPP;;site actuel — option de la fiche;;
poutrelle-ipe-200-en-acier;Poutrelle IPE 200 en acier;poutrelle-ipe;longueurs;1 / 2 / 3 / 4 / 5 / 6;m;site actuel — option de la fiche;;
poutrelle-ipe-200-en-acier;Poutrelle IPE 200 en acier;poutrelle-ipe;nuance;S275;;site actuel — description de la fiche;;
poutrelle-ipe-200-en-acier;Poutrelle IPE 200 en acier;poutrelle-ipe;norme;EN 10025;;site actuel — description de la fiche;;
poutrelle-ipe-200-en-acier;Poutrelle IPE 200 en acier;poutrelle-ipe;procede;Laminé à chaud;;site actuel — description de la fiche;;
poutrelle-ipe-220-en-acier;Poutrelle IPE 220 en acier;poutrelle-ipe;serie;IPE;;nom du produit;;
poutrelle-ipe-220-en-acier;Poutrelle IPE 220 en acier;poutrelle-ipe;h;220;mm;fiche fournisseur VM 2013 — POUTRELLE IPE ACIERS GROSJEAN 4(1).pdf;;
poutrelle-ipe-220-en-acier;Poutrelle IPE 220 en acier;poutrelle-ipe;b;110;mm;fiche fournisseur VM 2013 — POUTRELLE IPE ACIERS GROSJEAN 4(1).pdf;;
poutrelle-ipe-220-en-acier;Poutrelle IPE 220 en acier;poutrelle-ipe;tw;5,9;mm;fiche fournisseur VM 2013 — POUTRELLE IPE ACIERS GROSJEAN 4(1).pdf;;
poutrelle-ipe-220-en-acier;Poutrelle IPE 220 en acier;poutrelle-ipe;tf;9,2;mm;fiche fournisseur VM 2013 — POUTRELLE IPE ACIERS GROSJEAN 4(1).pdf;;
poutrelle-ipe-220-en-acier;Poutrelle IPE 220 en acier;poutrelle-ipe;r;12;mm;fiche fournisseur VM 2013 — POUTRELLE IPE ACIERS GROSJEAN 4(1).pdf;;
poutrelle-ipe-220-en-acier;Poutrelle IPE 220 en acier;poutrelle-ipe;poids;26,83;kg/m;site actuel — fiche produit;;
poutrelle-ipe-220-en-acier;Poutrelle IPE 220 en acier;poutrelle-ipe;finition;GPP;;site actuel — option de la fiche;;
poutrelle-ipe-220-en-acier;Poutrelle IPE 220 en acier;poutrelle-ipe;longueurs;1 / 2 / 3 / 4 / 5 / 6;m;site actuel — option de la fiche;;
poutrelle-ipe-220-en-acier;Poutrelle IPE 220 en acier;poutrelle-ipe;nuance;S275;;site actuel — description de la fiche;;
poutrelle-ipe-220-en-acier;Poutrelle IPE 220 en acier;poutrelle-ipe;norme;EN 10025;;site actuel — description de la fiche;;
poutrelle-ipe-220-en-acier;Poutrelle IPE 220 en acier;poutrelle-ipe;procede;Laminé à chaud;;site actuel — description de la fiche;;
poutrelle-ipe-240-en-acier;Poutrelle IPE 240 en acier;poutrelle-ipe;serie;IPE;;nom du produit;;
poutrelle-ipe-240-en-acier;Poutrelle IPE 240 en acier;poutrelle-ipe;h;240;mm;fiche fournisseur VM 2013 — POUTRELLE IPE ACIERS GROSJEAN 4(1).pdf;;
poutrelle-ipe-240-en-acier;Poutrelle IPE 240 en acier;poutrelle-ipe;b;120;mm;fiche fournisseur VM 2013 — POUTRELLE IPE ACIERS GROSJEAN 4(1).pdf;;
poutrelle-ipe-240-en-acier;Poutrelle IPE 240 en acier;poutrelle-ipe;tw;6,2;mm;fiche fournisseur VM 2013 — POUTRELLE IPE ACIERS GROSJEAN 4(1).pdf;;
poutrelle-ipe-240-en-acier;Poutrelle IPE 240 en acier;poutrelle-ipe;tf;9,8;mm;fiche fournisseur VM 2013 — POUTRELLE IPE ACIERS GROSJEAN 4(1).pdf;;
poutrelle-ipe-240-en-acier;Poutrelle IPE 240 en acier;poutrelle-ipe;r;15;mm;fiche fournisseur VM 2013 — POUTRELLE IPE ACIERS GROSJEAN 4(1).pdf;;
poutrelle-ipe-240-en-acier;Poutrelle IPE 240 en acier;poutrelle-ipe;poids;31,44;kg/m;site actuel — fiche produit;;
poutrelle-ipe-240-en-acier;Poutrelle IPE 240 en acier;poutrelle-ipe;finition;GPP;;site actuel — option de la fiche;;
poutrelle-ipe-240-en-acier;Poutrelle IPE 240 en acier;poutrelle-ipe;longueurs;1 / 2 / 3 / 4 / 5 / 6;m;site actuel — option de la fiche;;
poutrelle-ipe-240-en-acier;Poutrelle IPE 240 en acier;poutrelle-ipe;nuance;S275;;site actuel — description de la fiche;;
poutrelle-ipe-240-en-acier;Poutrelle IPE 240 en acier;poutrelle-ipe;norme;EN 10025;;site actuel — description de la fiche;;
poutrelle-ipe-240-en-acier;Poutrelle IPE 240 en acier;poutrelle-ipe;procede;Laminé à chaud;;site actuel — description de la fiche;;
poutrelle-ipe-270;Poutrelle IPE 270;poutrelle-ipe;serie;IPE;;nom du produit;;
poutrelle-ipe-270;Poutrelle IPE 270;poutrelle-ipe;h;270;mm;fiche fournisseur VM 2013 — POUTRELLE IPE ACIERS GROSJEAN 4(1).pdf;;
poutrelle-ipe-270;Poutrelle IPE 270;poutrelle-ipe;b;135;mm;fiche fournisseur VM 2013 — POUTRELLE IPE ACIERS GROSJEAN 4(1).pdf;;
poutrelle-ipe-270;Poutrelle IPE 270;poutrelle-ipe;tw;6,6;mm;fiche fournisseur VM 2013 — POUTRELLE IPE ACIERS GROSJEAN 4(1).pdf;;
poutrelle-ipe-270;Poutrelle IPE 270;poutrelle-ipe;tf;10,2;mm;fiche fournisseur VM 2013 — POUTRELLE IPE ACIERS GROSJEAN 4(1).pdf;;
poutrelle-ipe-270;Poutrelle IPE 270;poutrelle-ipe;r;15;mm;fiche fournisseur VM 2013 — POUTRELLE IPE ACIERS GROSJEAN 4(1).pdf;;
poutrelle-ipe-270;Poutrelle IPE 270;poutrelle-ipe;poids;36,97;kg/m;site actuel — fiche produit;;
poutrelle-ipe-270;Poutrelle IPE 270;poutrelle-ipe;finition;GPP;;site actuel — option de la fiche;;
poutrelle-ipe-270;Poutrelle IPE 270;poutrelle-ipe;longueurs;1 / 2 / 3 / 4 / 5 / 6;m;site actuel — option de la fiche;;
poutrelle-ipe-270;Poutrelle IPE 270;poutrelle-ipe;nuance;S275;;site actuel — description de la fiche;;
poutrelle-ipe-270;Poutrelle IPE 270;poutrelle-ipe;norme;EN 10025;;site actuel — description de la fiche;;
poutrelle-ipe-270;Poutrelle IPE 270;poutrelle-ipe;procede;Laminé à chaud;;site actuel — description de la fiche;;
poutrelle-ipe-300;Poutrelle IPE 300;poutrelle-ipe;serie;IPE;;nom du produit;;
poutrelle-ipe-300;Poutrelle IPE 300;poutrelle-ipe;h;300;mm;fiche fournisseur VM 2013 — POUTRELLE IPE ACIERS GROSJEAN 4(1).pdf;;
poutrelle-ipe-300;Poutrelle IPE 300;poutrelle-ipe;b;150;mm;fiche fournisseur VM 2013 — POUTRELLE IPE ACIERS GROSJEAN 4(1).pdf;;
poutrelle-ipe-300;Poutrelle IPE 300;poutrelle-ipe;tw;7,1;mm;fiche fournisseur VM 2013 — POUTRELLE IPE ACIERS GROSJEAN 4(1).pdf;;
poutrelle-ipe-300;Poutrelle IPE 300;poutrelle-ipe;tf;10,7;mm;fiche fournisseur VM 2013 — POUTRELLE IPE ACIERS GROSJEAN 4(1).pdf;;
poutrelle-ipe-300;Poutrelle IPE 300;poutrelle-ipe;r;15;mm;fiche fournisseur VM 2013 — POUTRELLE IPE ACIERS GROSJEAN 4(1).pdf;;
poutrelle-ipe-300;Poutrelle IPE 300;poutrelle-ipe;poids;43,22;kg/m;site actuel — fiche produit;;
poutrelle-ipe-300;Poutrelle IPE 300;poutrelle-ipe;finition;GPP;;site actuel — option de la fiche;;
poutrelle-ipe-300;Poutrelle IPE 300;poutrelle-ipe;longueurs;1 / 2 / 3 / 4 / 5 / 6;m;site actuel — option de la fiche;;
poutrelle-ipe-300;Poutrelle IPE 300;poutrelle-ipe;nuance;S275;;site actuel — description de la fiche;;
poutrelle-ipe-300;Poutrelle IPE 300;poutrelle-ipe;norme;EN 10025;;site actuel — description de la fiche;;
poutrelle-ipe-300;Poutrelle IPE 300;poutrelle-ipe;procede;Laminé à chaud;;site actuel — description de la fiche;;
poutrelle-ipe-330;Poutrelle IPE 330;poutrelle-ipe;serie;IPE;;nom du produit;;
poutrelle-ipe-330;Poutrelle IPE 330;poutrelle-ipe;h;330;mm;fiche fournisseur VM 2013 — POUTRELLE IPE ACIERS GROSJEAN 4(1).pdf;;
poutrelle-ipe-330;Poutrelle IPE 330;poutrelle-ipe;b;160;mm;fiche fournisseur VM 2013 — POUTRELLE IPE ACIERS GROSJEAN 4(1).pdf;;
poutrelle-ipe-330;Poutrelle IPE 330;poutrelle-ipe;tw;7,5;mm;fiche fournisseur VM 2013 — POUTRELLE IPE ACIERS GROSJEAN 4(1).pdf;;
poutrelle-ipe-330;Poutrelle IPE 330;poutrelle-ipe;tf;11,5;mm;fiche fournisseur VM 2013 — POUTRELLE IPE ACIERS GROSJEAN 4(1).pdf;;
poutrelle-ipe-330;Poutrelle IPE 330;poutrelle-ipe;r;18;mm;fiche fournisseur VM 2013 — POUTRELLE IPE ACIERS GROSJEAN 4(1).pdf;;
poutrelle-ipe-330;Poutrelle IPE 330;poutrelle-ipe;poids;50,29;kg/m;site actuel — fiche produit;;
poutrelle-ipe-330;Poutrelle IPE 330;poutrelle-ipe;finition;GPP;;site actuel — option de la fiche;;
poutrelle-ipe-330;Poutrelle IPE 330;poutrelle-ipe;longueurs;1 / 2 / 3 / 4 / 5 / 6;m;site actuel — option de la fiche;;
poutrelle-ipe-330;Poutrelle IPE 330;poutrelle-ipe;nuance;S275;;site actuel — description de la fiche;;
poutrelle-ipe-330;Poutrelle IPE 330;poutrelle-ipe;norme;EN 10025;;site actuel — description de la fiche;;
poutrelle-ipe-330;Poutrelle IPE 330;poutrelle-ipe;procede;Laminé à chaud;;site actuel — description de la fiche;;
poutrelle-upn-100-en-acier;Poutrelle UPN 100 en acier;poutrelle-upn;serie;UPN;;nom du produit;;
poutrelle-upn-100-en-acier;Poutrelle UPN 100 en acier;poutrelle-upn;h;100;mm;fiche fournisseur VM 2013 — INFOSTEEL - GRYMAFER - VM2013 - UPN.pdf;;
poutrelle-upn-100-en-acier;Poutrelle UPN 100 en acier;poutrelle-upn;b;50;mm;fiche fournisseur VM 2013 — INFOSTEEL - GRYMAFER - VM2013 - UPN.pdf;;
poutrelle-upn-100-en-acier;Poutrelle UPN 100 en acier;poutrelle-upn;tw;6;mm;fiche fournisseur VM 2013 — INFOSTEEL - GRYMAFER - VM2013 - UPN.pdf;;
poutrelle-upn-100-en-acier;Poutrelle UPN 100 en acier;poutrelle-upn;tf;8,5;mm;fiche fournisseur VM 2013 — INFOSTEEL - GRYMAFER - VM2013 - UPN.pdf;;
poutrelle-upn-100-en-acier;Poutrelle UPN 100 en acier;poutrelle-upn;r1;8,5;mm;fiche fournisseur VM 2013 — INFOSTEEL - GRYMAFER - VM2013 - UPN.pdf;;
poutrelle-upn-100-en-acier;Poutrelle UPN 100 en acier;poutrelle-upn;r2;4,5;mm;fiche fournisseur VM 2013 — INFOSTEEL - GRYMAFER - VM2013 - UPN.pdf;;
poutrelle-upn-100-en-acier;Poutrelle UPN 100 en acier;poutrelle-upn;poids;10,86;kg/m;site actuel — fiche produit;;
poutrelle-upn-100-en-acier;Poutrelle UPN 100 en acier;poutrelle-upn;finition;BRUT;;site actuel — option de la fiche;;
poutrelle-upn-100-en-acier;Poutrelle UPN 100 en acier;poutrelle-upn;longueurs;1 / 2 / 3 / 4 / 5 / 6;m;site actuel — option de la fiche;;
poutrelle-upn-100-en-acier;Poutrelle UPN 100 en acier;poutrelle-upn;nuance;S235 / S275;;site actuel — description de la fiche;;
poutrelle-upn-100-en-acier;Poutrelle UPN 100 en acier;poutrelle-upn;procede;Laminé à chaud;;site actuel — description de la fiche;;
poutrelle-upn-100-en-acier;Poutrelle UPN 100 en acier;poutrelle-upn;pente_aile;8;%;norme DIN 1026-1 citée par INFOSTEEL - GRYMAFER - VM2013 - UPN.pdf (forme du modèle, non affichée);;
poutrelle-upn-120-en-acier;Poutrelle UPN 120 en acier;poutrelle-upn;serie;UPN;;nom du produit;;
poutrelle-upn-120-en-acier;Poutrelle UPN 120 en acier;poutrelle-upn;h;120;mm;fiche fournisseur VM 2013 — INFOSTEEL - GRYMAFER - VM2013 - UPN.pdf;;
poutrelle-upn-120-en-acier;Poutrelle UPN 120 en acier;poutrelle-upn;b;55;mm;fiche fournisseur VM 2013 — INFOSTEEL - GRYMAFER - VM2013 - UPN.pdf;;
poutrelle-upn-120-en-acier;Poutrelle UPN 120 en acier;poutrelle-upn;tw;7;mm;fiche fournisseur VM 2013 — INFOSTEEL - GRYMAFER - VM2013 - UPN.pdf;;
poutrelle-upn-120-en-acier;Poutrelle UPN 120 en acier;poutrelle-upn;tf;9;mm;fiche fournisseur VM 2013 — INFOSTEEL - GRYMAFER - VM2013 - UPN.pdf;;
poutrelle-upn-120-en-acier;Poutrelle UPN 120 en acier;poutrelle-upn;r1;9;mm;fiche fournisseur VM 2013 — INFOSTEEL - GRYMAFER - VM2013 - UPN.pdf;;
poutrelle-upn-120-en-acier;Poutrelle UPN 120 en acier;poutrelle-upn;r2;4,5;mm;fiche fournisseur VM 2013 — INFOSTEEL - GRYMAFER - VM2013 - UPN.pdf;;
poutrelle-upn-120-en-acier;Poutrelle UPN 120 en acier;poutrelle-upn;poids;13,62;kg/m;site actuel — fiche produit;;
poutrelle-upn-120-en-acier;Poutrelle UPN 120 en acier;poutrelle-upn;finition;BRUT;;site actuel — option de la fiche;;
poutrelle-upn-120-en-acier;Poutrelle UPN 120 en acier;poutrelle-upn;longueurs;1 / 2 / 3 / 4 / 5 / 6;m;site actuel — option de la fiche;;
poutrelle-upn-120-en-acier;Poutrelle UPN 120 en acier;poutrelle-upn;nuance;S235 / S275;;site actuel — description de la fiche;;
poutrelle-upn-120-en-acier;Poutrelle UPN 120 en acier;poutrelle-upn;procede;Laminé à chaud;;site actuel — description de la fiche;;
poutrelle-upn-120-en-acier;Poutrelle UPN 120 en acier;poutrelle-upn;pente_aile;8;%;norme DIN 1026-1 citée par INFOSTEEL - GRYMAFER - VM2013 - UPN.pdf (forme du modèle, non affichée);;
poutrelle-upn-140-en-acier;Poutrelle UPN 140 en acier;poutrelle-upn;serie;UPN;;nom du produit;;
poutrelle-upn-140-en-acier;Poutrelle UPN 140 en acier;poutrelle-upn;h;140;mm;fiche fournisseur VM 2013 — INFOSTEEL - GRYMAFER - VM2013 - UPN.pdf;;
poutrelle-upn-140-en-acier;Poutrelle UPN 140 en acier;poutrelle-upn;b;60;mm;fiche fournisseur VM 2013 — INFOSTEEL - GRYMAFER - VM2013 - UPN.pdf;;
poutrelle-upn-140-en-acier;Poutrelle UPN 140 en acier;poutrelle-upn;tw;7;mm;fiche fournisseur VM 2013 — INFOSTEEL - GRYMAFER - VM2013 - UPN.pdf;;
poutrelle-upn-140-en-acier;Poutrelle UPN 140 en acier;poutrelle-upn;tf;10;mm;fiche fournisseur VM 2013 — INFOSTEEL - GRYMAFER - VM2013 - UPN.pdf;;
poutrelle-upn-140-en-acier;Poutrelle UPN 140 en acier;poutrelle-upn;r1;10;mm;fiche fournisseur VM 2013 — INFOSTEEL - GRYMAFER - VM2013 - UPN.pdf;;
poutrelle-upn-140-en-acier;Poutrelle UPN 140 en acier;poutrelle-upn;r2;5;mm;fiche fournisseur VM 2013 — INFOSTEEL - GRYMAFER - VM2013 - UPN.pdf;;
poutrelle-upn-140-en-acier;Poutrelle UPN 140 en acier;poutrelle-upn;poids;16,39;kg/m;site actuel — fiche produit;;
poutrelle-upn-140-en-acier;Poutrelle UPN 140 en acier;poutrelle-upn;finition;BRUT;;site actuel — option de la fiche;;
poutrelle-upn-140-en-acier;Poutrelle UPN 140 en acier;poutrelle-upn;longueurs;1 / 2 / 3 / 4 / 5 / 6;m;site actuel — option de la fiche;;
poutrelle-upn-140-en-acier;Poutrelle UPN 140 en acier;poutrelle-upn;nuance;S235 / S275;;site actuel — description de la fiche;;
poutrelle-upn-140-en-acier;Poutrelle UPN 140 en acier;poutrelle-upn;procede;Laminé à chaud;;site actuel — description de la fiche;;
poutrelle-upn-140-en-acier;Poutrelle UPN 140 en acier;poutrelle-upn;pente_aile;8;%;norme DIN 1026-1 citée par INFOSTEEL - GRYMAFER - VM2013 - UPN.pdf (forme du modèle, non affichée);;
poutrelle-upn-160-en-acier;Poutrelle UPN 160 en acier;poutrelle-upn;serie;UPN;;nom du produit;;
poutrelle-upn-160-en-acier;Poutrelle UPN 160 en acier;poutrelle-upn;h;160;mm;fiche fournisseur VM 2013 — INFOSTEEL - GRYMAFER - VM2013 - UPN.pdf;;
poutrelle-upn-160-en-acier;Poutrelle UPN 160 en acier;poutrelle-upn;b;65;mm;fiche fournisseur VM 2013 — INFOSTEEL - GRYMAFER - VM2013 - UPN.pdf;;
poutrelle-upn-160-en-acier;Poutrelle UPN 160 en acier;poutrelle-upn;tw;7,5;mm;fiche fournisseur VM 2013 — INFOSTEEL - GRYMAFER - VM2013 - UPN.pdf;;
poutrelle-upn-160-en-acier;Poutrelle UPN 160 en acier;poutrelle-upn;tf;10,5;mm;fiche fournisseur VM 2013 — INFOSTEEL - GRYMAFER - VM2013 - UPN.pdf;;
poutrelle-upn-160-en-acier;Poutrelle UPN 160 en acier;poutrelle-upn;r1;10,5;mm;fiche fournisseur VM 2013 — INFOSTEEL - GRYMAFER - VM2013 - UPN.pdf;;
poutrelle-upn-160-en-acier;Poutrelle UPN 160 en acier;poutrelle-upn;r2;5,5;mm;fiche fournisseur VM 2013 — INFOSTEEL - GRYMAFER - VM2013 - UPN.pdf;;
poutrelle-upn-160-en-acier;Poutrelle UPN 160 en acier;poutrelle-upn;poids;19,36;kg/m;site actuel — fiche produit;;
poutrelle-upn-160-en-acier;Poutrelle UPN 160 en acier;poutrelle-upn;finition;BRUT;;site actuel — option de la fiche;;
poutrelle-upn-160-en-acier;Poutrelle UPN 160 en acier;poutrelle-upn;longueurs;1 / 2 / 3 / 4 / 5 / 6;m;site actuel — option de la fiche;;
poutrelle-upn-160-en-acier;Poutrelle UPN 160 en acier;poutrelle-upn;nuance;S235 / S275;;site actuel — description de la fiche;;
poutrelle-upn-160-en-acier;Poutrelle UPN 160 en acier;poutrelle-upn;procede;Laminé à chaud;;site actuel — description de la fiche;;
poutrelle-upn-160-en-acier;Poutrelle UPN 160 en acier;poutrelle-upn;pente_aile;8;%;norme DIN 1026-1 citée par INFOSTEEL - GRYMAFER - VM2013 - UPN.pdf (forme du modèle, non affichée);;
poutrelle-upn-180-en-acier;Poutrelle UPN 180 en acier;poutrelle-upn;serie;UPN;;nom du produit;;
poutrelle-upn-180-en-acier;Poutrelle UPN 180 en acier;poutrelle-upn;h;180;mm;fiche fournisseur VM 2013 — INFOSTEEL - GRYMAFER - VM2013 - UPN.pdf;;
poutrelle-upn-180-en-acier;Poutrelle UPN 180 en acier;poutrelle-upn;b;70;mm;fiche fournisseur VM 2013 — INFOSTEEL - GRYMAFER - VM2013 - UPN.pdf;;
poutrelle-upn-180-en-acier;Poutrelle UPN 180 en acier;poutrelle-upn;tw;8;mm;fiche fournisseur VM 2013 — INFOSTEEL - GRYMAFER - VM2013 - UPN.pdf;;
poutrelle-upn-180-en-acier;Poutrelle UPN 180 en acier;poutrelle-upn;tf;11;mm;fiche fournisseur VM 2013 — INFOSTEEL - GRYMAFER - VM2013 - UPN.pdf;;
poutrelle-upn-180-en-acier;Poutrelle UPN 180 en acier;poutrelle-upn;r1;11;mm;fiche fournisseur VM 2013 — INFOSTEEL - GRYMAFER - VM2013 - UPN.pdf;;
poutrelle-upn-180-en-acier;Poutrelle UPN 180 en acier;poutrelle-upn;r2;5,5;mm;fiche fournisseur VM 2013 — INFOSTEEL - GRYMAFER - VM2013 - UPN.pdf;;
poutrelle-upn-180-en-acier;Poutrelle UPN 180 en acier;poutrelle-upn;poids;22,53;kg/m;site actuel — fiche produit;;
poutrelle-upn-180-en-acier;Poutrelle UPN 180 en acier;poutrelle-upn;finition;BRUT;;site actuel — option de la fiche;;
poutrelle-upn-180-en-acier;Poutrelle UPN 180 en acier;poutrelle-upn;longueurs;1 / 2 / 3 / 4 / 5 / 6;m;site actuel — option de la fiche;;
poutrelle-upn-180-en-acier;Poutrelle UPN 180 en acier;poutrelle-upn;nuance;S235 / S275;;site actuel — description de la fiche;;
poutrelle-upn-180-en-acier;Poutrelle UPN 180 en acier;poutrelle-upn;procede;Laminé à chaud;;site actuel — description de la fiche;;
poutrelle-upn-180-en-acier;Poutrelle UPN 180 en acier;poutrelle-upn;pente_aile;8;%;norme DIN 1026-1 citée par INFOSTEEL - GRYMAFER - VM2013 - UPN.pdf (forme du modèle, non affichée);;
poutrelle-upn-200-en-acier;Poutrelle UPN 200 en acier;poutrelle-upn;serie;UPN;;nom du produit;;
poutrelle-upn-200-en-acier;Poutrelle UPN 200 en acier;poutrelle-upn;h;200;mm;fiche fournisseur VM 2013 — INFOSTEEL - GRYMAFER - VM2013 - UPN.pdf;;
poutrelle-upn-200-en-acier;Poutrelle UPN 200 en acier;poutrelle-upn;b;75;mm;fiche fournisseur VM 2013 — INFOSTEEL - GRYMAFER - VM2013 - UPN.pdf;;
poutrelle-upn-200-en-acier;Poutrelle UPN 200 en acier;poutrelle-upn;tw;8,5;mm;fiche fournisseur VM 2013 — INFOSTEEL - GRYMAFER - VM2013 - UPN.pdf;;
poutrelle-upn-200-en-acier;Poutrelle UPN 200 en acier;poutrelle-upn;tf;11,5;mm;fiche fournisseur VM 2013 — INFOSTEEL - GRYMAFER - VM2013 - UPN.pdf;;
poutrelle-upn-200-en-acier;Poutrelle UPN 200 en acier;poutrelle-upn;r1;11,5;mm;fiche fournisseur VM 2013 — INFOSTEEL - GRYMAFER - VM2013 - UPN.pdf;;
poutrelle-upn-200-en-acier;Poutrelle UPN 200 en acier;poutrelle-upn;r2;6;mm;fiche fournisseur VM 2013 — INFOSTEEL - GRYMAFER - VM2013 - UPN.pdf;;
poutrelle-upn-200-en-acier;Poutrelle UPN 200 en acier;poutrelle-upn;poids;25,91;kg/m;site actuel — fiche produit;;
poutrelle-upn-200-en-acier;Poutrelle UPN 200 en acier;poutrelle-upn;finition;BRUT;;site actuel — option de la fiche;;
poutrelle-upn-200-en-acier;Poutrelle UPN 200 en acier;poutrelle-upn;longueurs;1 / 2 / 3 / 4 / 5 / 6;m;site actuel — option de la fiche;;
poutrelle-upn-200-en-acier;Poutrelle UPN 200 en acier;poutrelle-upn;nuance;S235 / S275;;site actuel — description de la fiche;;
poutrelle-upn-200-en-acier;Poutrelle UPN 200 en acier;poutrelle-upn;procede;Laminé à chaud;;site actuel — description de la fiche;;
poutrelle-upn-200-en-acier;Poutrelle UPN 200 en acier;poutrelle-upn;pente_aile;8;%;norme DIN 1026-1 citée par INFOSTEEL - GRYMAFER - VM2013 - UPN.pdf (forme du modèle, non affichée);;
poutrelle-upn-220-en-acier;Poutrelle UPN 220 en acier;poutrelle-upn;serie;UPN;;nom du produit;;
poutrelle-upn-220-en-acier;Poutrelle UPN 220 en acier;poutrelle-upn;h;220;mm;fiche fournisseur VM 2013 — INFOSTEEL - GRYMAFER - VM2013 - UPN.pdf;;
poutrelle-upn-220-en-acier;Poutrelle UPN 220 en acier;poutrelle-upn;b;80;mm;fiche fournisseur VM 2013 — INFOSTEEL - GRYMAFER - VM2013 - UPN.pdf;;
poutrelle-upn-220-en-acier;Poutrelle UPN 220 en acier;poutrelle-upn;tw;9;mm;fiche fournisseur VM 2013 — INFOSTEEL - GRYMAFER - VM2013 - UPN.pdf;;
poutrelle-upn-220-en-acier;Poutrelle UPN 220 en acier;poutrelle-upn;tf;12,5;mm;fiche fournisseur VM 2013 — INFOSTEEL - GRYMAFER - VM2013 - UPN.pdf;;
poutrelle-upn-220-en-acier;Poutrelle UPN 220 en acier;poutrelle-upn;r1;12,5;mm;fiche fournisseur VM 2013 — INFOSTEEL - GRYMAFER - VM2013 - UPN.pdf;;
poutrelle-upn-220-en-acier;Poutrelle UPN 220 en acier;poutrelle-upn;r2;6,5;mm;fiche fournisseur VM 2013 — INFOSTEEL - GRYMAFER - VM2013 - UPN.pdf;;
poutrelle-upn-220-en-acier;Poutrelle UPN 220 en acier;poutrelle-upn;poids;30,11;kg/m;site actuel — fiche produit;;
poutrelle-upn-220-en-acier;Poutrelle UPN 220 en acier;poutrelle-upn;finition;BRUT;;site actuel — option de la fiche;;
poutrelle-upn-220-en-acier;Poutrelle UPN 220 en acier;poutrelle-upn;longueurs;1 / 2 / 3 / 4 / 5 / 6;m;site actuel — option de la fiche;;
poutrelle-upn-220-en-acier;Poutrelle UPN 220 en acier;poutrelle-upn;nuance;S235 / S275;;site actuel — description de la fiche;;
poutrelle-upn-220-en-acier;Poutrelle UPN 220 en acier;poutrelle-upn;procede;Laminé à chaud;;site actuel — description de la fiche;;
poutrelle-upn-220-en-acier;Poutrelle UPN 220 en acier;poutrelle-upn;pente_aile;8;%;norme DIN 1026-1 citée par INFOSTEEL - GRYMAFER - VM2013 - UPN.pdf (forme du modèle, non affichée);;
poutrelle-upn-240-en-acier;Poutrelle UPN 240 en acier;poutrelle-upn;serie;UPN;;nom du produit;;
poutrelle-upn-240-en-acier;Poutrelle UPN 240 en acier;poutrelle-upn;h;240;mm;fiche fournisseur VM 2013 — INFOSTEEL - GRYMAFER - VM2013 - UPN.pdf;;
poutrelle-upn-240-en-acier;Poutrelle UPN 240 en acier;poutrelle-upn;b;85;mm;fiche fournisseur VM 2013 — INFOSTEEL - GRYMAFER - VM2013 - UPN.pdf;;
poutrelle-upn-240-en-acier;Poutrelle UPN 240 en acier;poutrelle-upn;tw;9,5;mm;fiche fournisseur VM 2013 — INFOSTEEL - GRYMAFER - VM2013 - UPN.pdf;;
poutrelle-upn-240-en-acier;Poutrelle UPN 240 en acier;poutrelle-upn;tf;13;mm;fiche fournisseur VM 2013 — INFOSTEEL - GRYMAFER - VM2013 - UPN.pdf;;
poutrelle-upn-240-en-acier;Poutrelle UPN 240 en acier;poutrelle-upn;r1;13;mm;fiche fournisseur VM 2013 — INFOSTEEL - GRYMAFER - VM2013 - UPN.pdf;;
poutrelle-upn-240-en-acier;Poutrelle UPN 240 en acier;poutrelle-upn;r2;6,5;mm;fiche fournisseur VM 2013 — INFOSTEEL - GRYMAFER - VM2013 - UPN.pdf;;
poutrelle-upn-240-en-acier;Poutrelle UPN 240 en acier;poutrelle-upn;poids;34;kg/m;site actuel — fiche produit;;
poutrelle-upn-240-en-acier;Poutrelle UPN 240 en acier;poutrelle-upn;finition;BRUT;;site actuel — option de la fiche;;
poutrelle-upn-240-en-acier;Poutrelle UPN 240 en acier;poutrelle-upn;longueurs;1 / 2 / 3 / 4 / 5 / 6;m;site actuel — option de la fiche;;
poutrelle-upn-240-en-acier;Poutrelle UPN 240 en acier;poutrelle-upn;nuance;S235 / S275;;site actuel — description de la fiche;;
poutrelle-upn-240-en-acier;Poutrelle UPN 240 en acier;poutrelle-upn;procede;Laminé à chaud;;site actuel — description de la fiche;;
poutrelle-upn-240-en-acier;Poutrelle UPN 240 en acier;poutrelle-upn;pente_aile;8;%;norme DIN 1026-1 citée par INFOSTEEL - GRYMAFER - VM2013 - UPN.pdf (forme du modèle, non affichée);;
poutrelle-upn-260-en-acier;Poutrelle UPN 260 en acier;poutrelle-upn;serie;UPN;;nom du produit;;
poutrelle-upn-260-en-acier;Poutrelle UPN 260 en acier;poutrelle-upn;h;260;mm;fiche fournisseur VM 2013 — INFOSTEEL - GRYMAFER - VM2013 - UPN.pdf;;
poutrelle-upn-260-en-acier;Poutrelle UPN 260 en acier;poutrelle-upn;b;90;mm;fiche fournisseur VM 2013 — INFOSTEEL - GRYMAFER - VM2013 - UPN.pdf;;
poutrelle-upn-260-en-acier;Poutrelle UPN 260 en acier;poutrelle-upn;tw;10;mm;fiche fournisseur VM 2013 — INFOSTEEL - GRYMAFER - VM2013 - UPN.pdf;;
poutrelle-upn-260-en-acier;Poutrelle UPN 260 en acier;poutrelle-upn;tf;14;mm;fiche fournisseur VM 2013 — INFOSTEEL - GRYMAFER - VM2013 - UPN.pdf;;
poutrelle-upn-260-en-acier;Poutrelle UPN 260 en acier;poutrelle-upn;r1;14;mm;fiche fournisseur VM 2013 — INFOSTEEL - GRYMAFER - VM2013 - UPN.pdf;;
poutrelle-upn-260-en-acier;Poutrelle UPN 260 en acier;poutrelle-upn;r2;7;mm;fiche fournisseur VM 2013 — INFOSTEEL - GRYMAFER - VM2013 - UPN.pdf;;
poutrelle-upn-260-en-acier;Poutrelle UPN 260 en acier;poutrelle-upn;poids;38,82;kg/m;site actuel — fiche produit;;
poutrelle-upn-260-en-acier;Poutrelle UPN 260 en acier;poutrelle-upn;finition;BRUT;;site actuel — option de la fiche;;
poutrelle-upn-260-en-acier;Poutrelle UPN 260 en acier;poutrelle-upn;longueurs;1 / 2 / 3 / 4 / 5 / 6;m;site actuel — option de la fiche;;
poutrelle-upn-260-en-acier;Poutrelle UPN 260 en acier;poutrelle-upn;nuance;S235 / S275;;site actuel — description de la fiche;;
poutrelle-upn-260-en-acier;Poutrelle UPN 260 en acier;poutrelle-upn;procede;Laminé à chaud;;site actuel — description de la fiche;;
poutrelle-upn-260-en-acier;Poutrelle UPN 260 en acier;poutrelle-upn;pente_aile;8;%;norme DIN 1026-1 citée par INFOSTEEL - GRYMAFER - VM2013 - UPN.pdf (forme du modèle, non affichée);;
poutrelle-upn-280-en-acier;Poutrelle UPN 280 en acier;poutrelle-upn;serie;UPN;;nom du produit;;
poutrelle-upn-280-en-acier;Poutrelle UPN 280 en acier;poutrelle-upn;h;280;mm;fiche fournisseur VM 2013 — INFOSTEEL - GRYMAFER - VM2013 - UPN.pdf;;
poutrelle-upn-280-en-acier;Poutrelle UPN 280 en acier;poutrelle-upn;b;95;mm;fiche fournisseur VM 2013 — INFOSTEEL - GRYMAFER - VM2013 - UPN.pdf;;
poutrelle-upn-280-en-acier;Poutrelle UPN 280 en acier;poutrelle-upn;tw;10;mm;fiche fournisseur VM 2013 — INFOSTEEL - GRYMAFER - VM2013 - UPN.pdf;;
poutrelle-upn-280-en-acier;Poutrelle UPN 280 en acier;poutrelle-upn;tf;15;mm;fiche fournisseur VM 2013 — INFOSTEEL - GRYMAFER - VM2013 - UPN.pdf;;
poutrelle-upn-280-en-acier;Poutrelle UPN 280 en acier;poutrelle-upn;r1;15;mm;fiche fournisseur VM 2013 — INFOSTEEL - GRYMAFER - VM2013 - UPN.pdf;;
poutrelle-upn-280-en-acier;Poutrelle UPN 280 en acier;poutrelle-upn;r2;7,5;mm;fiche fournisseur VM 2013 — INFOSTEEL - GRYMAFER - VM2013 - UPN.pdf;;
poutrelle-upn-280-en-acier;Poutrelle UPN 280 en acier;poutrelle-upn;poids;42,91;kg/m;site actuel — fiche produit;;
poutrelle-upn-280-en-acier;Poutrelle UPN 280 en acier;poutrelle-upn;finition;BRUT;;site actuel — option de la fiche;;
poutrelle-upn-280-en-acier;Poutrelle UPN 280 en acier;poutrelle-upn;longueurs;1 / 2 / 3 / 4 / 5 / 6;m;site actuel — option de la fiche;;
poutrelle-upn-280-en-acier;Poutrelle UPN 280 en acier;poutrelle-upn;nuance;S235 / S275;;site actuel — description de la fiche;;
poutrelle-upn-280-en-acier;Poutrelle UPN 280 en acier;poutrelle-upn;procede;Laminé à chaud;;site actuel — description de la fiche;;
poutrelle-upn-280-en-acier;Poutrelle UPN 280 en acier;poutrelle-upn;pente_aile;8;%;norme DIN 1026-1 citée par INFOSTEEL - GRYMAFER - VM2013 - UPN.pdf (forme du modèle, non affichée);;
poutrelle-upn-300-en-acier;Poutrelle UPN 300 en acier;poutrelle-upn;serie;UPN;;nom du produit;;
poutrelle-upn-300-en-acier;Poutrelle UPN 300 en acier;poutrelle-upn;h;300;mm;fiche fournisseur VM 2013 — INFOSTEEL - GRYMAFER - VM2013 - UPN.pdf;;
poutrelle-upn-300-en-acier;Poutrelle UPN 300 en acier;poutrelle-upn;b;100;mm;fiche fournisseur VM 2013 — INFOSTEEL - GRYMAFER - VM2013 - UPN.pdf;;
poutrelle-upn-300-en-acier;Poutrelle UPN 300 en acier;poutrelle-upn;tw;10;mm;fiche fournisseur VM 2013 — INFOSTEEL - GRYMAFER - VM2013 - UPN.pdf;;
poutrelle-upn-300-en-acier;Poutrelle UPN 300 en acier;poutrelle-upn;tf;16;mm;fiche fournisseur VM 2013 — INFOSTEEL - GRYMAFER - VM2013 - UPN.pdf;;
poutrelle-upn-300-en-acier;Poutrelle UPN 300 en acier;poutrelle-upn;r1;16;mm;fiche fournisseur VM 2013 — INFOSTEEL - GRYMAFER - VM2013 - UPN.pdf;;
poutrelle-upn-300-en-acier;Poutrelle UPN 300 en acier;poutrelle-upn;r2;8;mm;fiche fournisseur VM 2013 — INFOSTEEL - GRYMAFER - VM2013 - UPN.pdf;;
poutrelle-upn-300-en-acier;Poutrelle UPN 300 en acier;poutrelle-upn;poids;47,22;kg/m;site actuel — fiche produit;;
poutrelle-upn-300-en-acier;Poutrelle UPN 300 en acier;poutrelle-upn;finition;BRUT;;site actuel — option de la fiche;;
poutrelle-upn-300-en-acier;Poutrelle UPN 300 en acier;poutrelle-upn;longueurs;1 / 2 / 3 / 4 / 5 / 6;m;site actuel — option de la fiche;;
poutrelle-upn-300-en-acier;Poutrelle UPN 300 en acier;poutrelle-upn;nuance;S235 / S275;;site actuel — description de la fiche;;
poutrelle-upn-300-en-acier;Poutrelle UPN 300 en acier;poutrelle-upn;procede;Laminé à chaud;;site actuel — description de la fiche;;
poutrelle-upn-300-en-acier;Poutrelle UPN 300 en acier;poutrelle-upn;pente_aile;8;%;norme DIN 1026-1 citée par INFOSTEEL - GRYMAFER - VM2013 - UPN.pdf (forme du modèle, non affichée);;
poutrelle-upn-80-en-acier;Poutrelle UPN 80 en acier;poutrelle-upn;serie;UPN;;nom du produit;;
poutrelle-upn-80-en-acier;Poutrelle UPN 80 en acier;poutrelle-upn;h;80;mm;fiche fournisseur VM 2013 — INFOSTEEL - GRYMAFER - VM2013 - UPN.pdf;;
poutrelle-upn-80-en-acier;Poutrelle UPN 80 en acier;poutrelle-upn;b;45;mm;fiche fournisseur VM 2013 — INFOSTEEL - GRYMAFER - VM2013 - UPN.pdf;;
poutrelle-upn-80-en-acier;Poutrelle UPN 80 en acier;poutrelle-upn;tw;6;mm;fiche fournisseur VM 2013 — INFOSTEEL - GRYMAFER - VM2013 - UPN.pdf;;
poutrelle-upn-80-en-acier;Poutrelle UPN 80 en acier;poutrelle-upn;tf;8;mm;fiche fournisseur VM 2013 — INFOSTEEL - GRYMAFER - VM2013 - UPN.pdf;;
poutrelle-upn-80-en-acier;Poutrelle UPN 80 en acier;poutrelle-upn;r1;8;mm;fiche fournisseur VM 2013 — INFOSTEEL - GRYMAFER - VM2013 - UPN.pdf;;
poutrelle-upn-80-en-acier;Poutrelle UPN 80 en acier;poutrelle-upn;r2;4;mm;fiche fournisseur VM 2013 — INFOSTEEL - GRYMAFER - VM2013 - UPN.pdf;;
poutrelle-upn-80-en-acier;Poutrelle UPN 80 en acier;poutrelle-upn;poids;8,86;kg/m;site actuel — fiche produit;;
poutrelle-upn-80-en-acier;Poutrelle UPN 80 en acier;poutrelle-upn;finition;BRUT;;site actuel — option de la fiche;;
poutrelle-upn-80-en-acier;Poutrelle UPN 80 en acier;poutrelle-upn;longueurs;1 / 2 / 3 / 4 / 5 / 6;m;site actuel — option de la fiche;;
poutrelle-upn-80-en-acier;Poutrelle UPN 80 en acier;poutrelle-upn;nuance;S235 / S275;;site actuel — description de la fiche;;
poutrelle-upn-80-en-acier;Poutrelle UPN 80 en acier;poutrelle-upn;procede;Laminé à chaud;;site actuel — description de la fiche;;
poutrelle-upn-80-en-acier;Poutrelle UPN 80 en acier;poutrelle-upn;pente_aile;8;%;norme DIN 1026-1 citée par INFOSTEEL - GRYMAFER - VM2013 - UPN.pdf (forme du modèle, non affichée);;
