slug;categorie;fichier;type;verdict;date
studio-rond-a-beton-lamine-a-chaud;/acier/armatures-beton/rond-a-beton-lamine-a-chaud;/images/produits/acier/armatures-beton/rond-a-beton-lamine-a-chaud/studio-rond-a-beton-lamine-a-chaud.webp;studio;CONFORME;2026-09-15
rond-a-beton-de-10mm-de-diametre-en-acier-lamine-a-chaud;/acier/armatures-beton/rond-a-beton-lamine-a-chaud;/images/produits/acier/armatures-beton/rond-a-beton-lamine-a-chaud/rond-a-beton-de-10mm-de-diametre-en-acier-lamine-a-chaud-caracteristiques.webp;caracteristiques;CONFORME;2026-09-15
rond-a-beton-de-12mm-de-diametre-en-acier-lamine-a-chaud;/acier/armatures-beton/rond-a-beton-lamine-a-chaud;/images/produits/acier/armatures-beton/rond-a-beton-lamine-a-chaud/rond-a-beton-de-12mm-de-diametre-en-acier-lamine-a-chaud-caracteristiques.webp;caracteristiques;CONFORME;2026-09-15
rond-a-beton-de-14mm-de-diametre-en-acier-lamine-a-chaud;/acier/armatures-beton/rond-a-beton-lamine-a-chaud;/images/produits/acier/armatures-beton/rond-a-beton-lamine-a-chaud/rond-a-beton-de-14mm-de-diametre-en-acier-lamine-a-chaud-caracteristiques.webp;caracteristiques;CONFORME;2026-09-15
rond-a-beton-de-16mm-de-diametre-en-acier-lamine-a-chaud;/acier/armatures-beton/rond-a-beton-lamine-a-chaud;/images/produits/acier/armatures-beton/rond-a-beton-lamine-a-chaud/rond-a-beton-de-16mm-de-diametre-en-acier-lamine-a-chaud-caracteristiques.webp;caracteristiques;CONFORME;2026-09-15
rond-a-beton-de-20mm-de-diametre-en-acier-lamine-a-chaud;/acier/armatures-beton/rond-a-beton-lamine-a-chaud;/images/produits/acier/armatures-beton/rond-a-beton-lamine-a-chaud/rond-a-beton-de-20mm-de-diametre-en-acier-lamine-a-chaud-caracteristiques.webp;caracteristiques;CONFORME;2026-09-15
rond-a-beton-de-8mm-de-diametre-en-acier-lamine-a-chaud;/acier/armatures-beton/rond-a-beton-lamine-a-chaud;/images/produits/acier/armatures-beton/rond-a-beton-lamine-a-chaud/rond-a-beton-de-8mm-de-diametre-en-acier-lamine-a-chaud-caracteristiques.webp;caracteristiques;CONFORME;2026-09-15
studio-treillis-soude;/acier/armatures-beton/treillis-soudes;/images/produits/acier/armatures-beton/treillis-soudes/studio-treillis-soude.webp;studio;CONFORME;2026-09-15
treillis-soude-100x100x10mm-5m-x-2m;/acier/armatures-beton/treillis-soudes;/images/produits/acier/armatures-beton/treillis-soudes/treillis-soude-100x100x10mm-5m-x-2m-caracteristiques.webp;caracteristiques;CONFORME;2026-09-15
treillis-soude-100x100x5mm-5m-x-2m;/acier/armatures-beton/treillis-soudes;/images/produits/acier/armatures-beton/treillis-soudes/treillis-soude-100x100x5mm-5m-x-2m-caracteristiques.webp;caracteristiques;CONFORME;2026-09-15
treillis-soude-100x100x8mm-5m-x-2m;/acier/armatures-beton/treillis-soudes;/images/produits/acier/armatures-beton/treillis-soudes/treillis-soude-100x100x8mm-5m-x-2m-caracteristiques.webp;caracteristiques;CONFORME;2026-09-15
treillis-soude-150x150x10mm-5m-x-2m;/acier/armatures-beton/treillis-soudes;/images/produits/acier/armatures-beton/treillis-soudes/treillis-soude-150x150x10mm-5m-x-2m-caracteristiques.webp;caracteristiques;CONFORME;2026-09-15
treillis-soude-150x150x12mm-5m-x-2m;/acier/armatures-beton/treillis-soudes;/images/produits/acier/armatures-beton/treillis-soudes/treillis-soude-150x150x12mm-5m-x-2m-caracteristiques.webp;caracteristiques;CONFORME;2026-09-15
treillis-soude-150x150x5mm-2m-x-1m;/acier/armatures-beton/treillis-soudes;/images/produits/acier/armatures-beton/treillis-soudes/treillis-soude-150x150x5mm-2m-x-1m-caracteristiques.webp;caracteristiques;CONFORME;2026-09-15
treillis-soude-150x150x5mm-3m-x-2m;/acier/armatures-beton/treillis-soudes;/images/produits/acier/armatures-beton/treillis-soudes/treillis-soude-150x150x5mm-3m-x-2m-caracteristiques.webp;caracteristiques;CONFORME;2026-09-15
treillis-soude-150x150x5mm-5m-x-2m;/acier/armatures-beton/treillis-soudes;/images/produits/acier/armatures-beton/treillis-soudes/treillis-soude-150x150x5mm-5m-x-2m-caracteristiques.webp;caracteristiques;CONFORME;2026-09-15
treillis-soude-150x150x6mm-3m-x-2m;/acier/armatures-beton/treillis-soudes;/images/produits/acier/armatures-beton/treillis-soudes/treillis-soude-150x150x6mm-3m-x-2m-caracteristiques.webp;caracteristiques;CONFORME;2026-09-15
treillis-soude-150x150x6mm-5m-x-2m;/acier/armatures-beton/treillis-soudes;/images/produits/acier/armatures-beton/treillis-soudes/treillis-soude-150x150x6mm-5m-x-2m-caracteristiques.webp;caracteristiques;CONFORME;2026-09-15
treillis-soude-150x150x8mm-3m-x-2m;/acier/armatures-beton/treillis-soudes;/images/produits/acier/armatures-beton/treillis-soudes/treillis-soude-150x150x8mm-3m-x-2m-caracteristiques.webp;caracteristiques;CONFORME;2026-09-15
treillis-soude-150x150x8mm-5m-x-2m;/acier/armatures-beton/treillis-soudes;/images/produits/acier/armatures-beton/treillis-soudes/treillis-soude-150x150x8mm-5m-x-2m-caracteristiques.webp;caracteristiques;CONFORME;2026-09-15
treillis-soude-50x50x4mm-3m-x-2m;/acier/armatures-beton/treillis-soudes;/images/produits/acier/armatures-beton/treillis-soudes/treillis-soude-50x50x4mm-3m-x-2m-caracteristiques.webp;caracteristiques;CONFORME;2026-09-15
treillis-soude-50x50x4mm-5m-x-2m;/acier/armatures-beton/treillis-soudes;/images/produits/acier/armatures-beton/treillis-soudes/treillis-soude-50x50x4mm-5m-x-2m-caracteristiques.webp;caracteristiques;CONFORME;2026-09-15
treillis-soude-75x75x5mm-5m-x-2m;/acier/armatures-beton/treillis-soudes;/images/produits/acier/armatures-beton/treillis-soudes/treillis-soude-75x75x5mm-5m-x-2m-caracteristiques.webp;caracteristiques;CONFORME;2026-09-15
treillis-soude-galvanise-50x50x4mm-3m-x-2m;/acier/armatures-beton/treillis-soudes;/images/produits/acier/armatures-beton/treillis-soudes/treillis-soude-galvanise-50x50x4mm-3m-x-2m-caracteristiques.webp;caracteristiques;CONFORME;2026-09-15
treillis-soude-galvanise-50x50x4mm-5m-x-2m;/acier/armatures-beton/treillis-soudes;/images/produits/acier/armatures-beton/treillis-soudes/treillis-soude-galvanise-50x50x4mm-5m-x-2m-caracteristiques.webp;caracteristiques;CONFORME;2026-09-15
studio-poutrelle-hea;/acier/poutrelles/hea;/images/produits/acier/poutrelles/hea/studio-poutrelle-hea.webp;studio;CONFORME;2026-09-14
poutrelle-hea-100-en-acier;/acier/poutrelles/hea;/images/produits/acier/poutrelles/hea/poutrelle-hea-100-en-acier-caracteristiques.webp;caracteristiques;CONFORME;2026-09-14
poutrelle-hea-120-en-acier;/acier/poutrelles/hea;/images/produits/acier/poutrelles/hea/poutrelle-hea-120-en-acier-caracteristiques.webp;caracteristiques;CONFORME;2026-09-14
poutrelle-hea-140-en-acier;/acier/poutrelles/hea;/images/produits/acier/poutrelles/hea/poutrelle-hea-140-en-acier-caracteristiques.webp;caracteristiques;CONFORME;2026-09-14
poutrelle-hea-160-en-acier;/acier/poutrelles/hea;/images/produits/acier/poutrelles/hea/poutrelle-hea-160-en-acier-caracteristiques.webp;caracteristiques;CONFORME;2026-09-14
poutrelle-hea-180-en-acier;/acier/poutrelles/hea;/images/produits/acier/poutrelles/hea/poutrelle-hea-180-en-acier-caracteristiques.webp;caracteristiques;CONFORME;2026-09-14
poutrelle-hea-200-en-acier;/acier/poutrelles/hea;/images/produits/acier/poutrelles/hea/poutrelle-hea-200-en-acier-caracteristiques.webp;caracteristiques;CONFORME;2026-09-14
poutrelle-hea-220-en-acier;/acier/poutrelles/hea;/images/produits/acier/poutrelles/hea/poutrelle-hea-220-en-acier-caracteristiques.webp;caracteristiques;CONFORME;2026-09-14
poutrelle-hea-240-en-acier;/acier/poutrelles/hea;/images/produits/acier/poutrelles/hea/poutrelle-hea-240-en-acier-caracteristiques.webp;caracteristiques;CONFORME;2026-09-14
poutrelle-hea-260-en-acier;/acier/poutrelles/hea;/images/produits/acier/poutrelles/hea/poutrelle-hea-260-en-acier-caracteristiques.webp;caracteristiques;CONFORME;2026-09-14
poutrelle-hea-280-en-acier;/acier/poutrelles/hea;/images/produits/acier/poutrelles/hea/poutrelle-hea-280-en-acier-caracteristiques.webp;caracteristiques;CONFORME;2026-09-14
poutrelle-hea-300-en-acier;/acier/poutrelles/hea;/images/produits/acier/poutrelles/hea/poutrelle-hea-300-en-acier-caracteristiques.webp;caracteristiques;CONFORME;2026-09-14
studio-poutrelle-heb;/acier/poutrelles/heb;/images/produits/acier/poutrelles/heb/studio-poutrelle-heb.webp;studio;CONFORME;2026-09-14
poutrelle-heb-100-en-acier;/acier/poutrelles/heb;/images/produits/acier/poutrelles/heb/poutrelle-heb-100-en-acier-caracteristiques.webp;caracteristiques;CONFORME;2026-09-14
poutrelle-heb-120-en-acier;/acier/poutrelles/heb;/images/produits/acier/poutrelles/heb/poutrelle-heb-120-en-acier-caracteristiques.webp;caracteristiques;CONFORME;2026-09-14
poutrelle-heb-140-en-acier;/acier/poutrelles/heb;/images/produits/acier/poutrelles/heb/poutrelle-heb-140-en-acier-caracteristiques.webp;caracteristiques;CONFORME;2026-09-14
poutrelle-heb-160-en-acier;/acier/poutrelles/heb;/images/produits/acier/poutrelles/heb/poutrelle-heb-160-en-acier-caracteristiques.webp;caracteristiques;CONFORME;2026-09-14
poutrelle-heb-180-en-acier;/acier/poutrelles/heb;/images/produits/acier/poutrelles/heb/poutrelle-heb-180-en-acier-caracteristiques.webp;caracteristiques;CONFORME;2026-09-14
poutrelle-heb-200-en-acier;/acier/poutrelles/heb;/images/produits/acier/poutrelles/heb/poutrelle-heb-200-en-acier-caracteristiques.webp;caracteristiques;CONFORME;2026-09-14
poutrelle-heb-220-en-acier;/acier/poutrelles/heb;/images/produits/acier/poutrelles/heb/poutrelle-heb-220-en-acier-caracteristiques.webp;caracteristiques;CONFORME;2026-09-14
poutrelle-heb-240-en-acier;/acier/poutrelles/heb;/images/produits/acier/poutrelles/heb/poutrelle-heb-240-en-acier-caracteristiques.webp;caracteristiques;CONFORME;2026-09-14
poutrelle-heb-260-en-acier;/acier/poutrelles/heb;/images/produits/acier/poutrelles/heb/poutrelle-heb-260-en-acier-caracteristiques.webp;caracteristiques;CONFORME;2026-09-14
poutrelle-heb-280-en-acier;/acier/poutrelles/heb;/images/produits/acier/poutrelles/heb/poutrelle-heb-280-en-acier-caracteristiques.webp;caracteristiques;CONFORME;2026-09-14
poutrelle-heb-300-en-acier;/acier/poutrelles/heb;/images/produits/acier/poutrelles/heb/poutrelle-heb-300-en-acier-caracteristiques.webp;caracteristiques;CONFORME;2026-09-14
studio-poutrelle-ipe;/acier/poutrelles/ipe;/images/produits/acier/poutrelles/ipe/studio-poutrelle-ipe.webp;studio;CONFORME;2026-09-14
poutrelle-ipe-100-en-acier;/acier/poutrelles/ipe;/images/produits/acier/poutrelles/ipe/poutrelle-ipe-100-en-acier-caracteristiques.webp;caracteristiques;CONFORME;2026-09-14
poutrelle-ipe-120-en-acier;/acier/poutrelles/ipe;/images/produits/acier/poutrelles/ipe/poutrelle-ipe-120-en-acier-caracteristiques.webp;caracteristiques;CONFORME;2026-09-14
poutrelle-ipe-140-en-acier;/acier/poutrelles/ipe;/images/produits/acier/poutrelles/ipe/poutrelle-ipe-140-en-acier-caracteristiques.webp;caracteristiques;CONFORME;2026-09-14
poutrelle-ipe-160-en-acier;/acier/poutrelles/ipe;/images/produits/acier/poutrelles/ipe/poutrelle-ipe-160-en-acier-caracteristiques.webp;caracteristiques;CONFORME;2026-09-14
poutrelle-ipe-180-en-acier;/acier/poutrelles/ipe;/images/produits/acier/poutrelles/ipe/poutrelle-ipe-180-en-acier-caracteristiques.webp;caracteristiques;CONFORME;2026-09-14
poutrelle-ipe-200-en-acier;/acier/poutrelles/ipe;/images/produits/acier/poutrelles/ipe/poutrelle-ipe-200-en-acier-caracteristiques.webp;caracteristiques;CONFORME;2026-09-14
poutrelle-ipe-220-en-acier;/acier/poutrelles/ipe;/images/produits/acier/poutrelles/ipe/poutrelle-ipe-220-en-acier-caracteristiques.webp;caracteristiques;CONFORME;2026-09-14
poutrelle-ipe-240-en-acier;/acier/poutrelles/ipe;/images/produits/acier/poutrelles/ipe/poutrelle-ipe-240-en-acier-caracteristiques.webp;caracteristiques;CONFORME;2026-09-14
poutrelle-ipe-270;/acier/poutrelles/ipe;/images/produits/acier/poutrelles/ipe/poutrelle-ipe-270-caracteristiques.webp;caracteristiques;CONFORME;2026-09-14
poutrelle-ipe-300;/acier/poutrelles/ipe;/images/produits/acier/poutrelles/ipe/poutrelle-ipe-300-caracteristiques.webp;caracteristiques;CONFORME;2026-09-14
poutrelle-ipe-330;/acier/poutrelles/ipe;/images/produits/acier/poutrelles/ipe/poutrelle-ipe-330-caracteristiques.webp;caracteristiques;CONFORME;2026-09-14
studio-poutrelle-upn;/acier/poutrelles/upn;/images/produits/acier/poutrelles/upn/studio-poutrelle-upn.webp;studio;CONFORME;2026-09-14
poutrelle-upn-100-en-acier;/acier/poutrelles/upn;/images/produits/acier/poutrelles/upn/poutrelle-upn-100-en-acier-caracteristiques.webp;caracteristiques;CONFORME;2026-09-14
poutrelle-upn-120-en-acier;/acier/poutrelles/upn;/images/produits/acier/poutrelles/upn/poutrelle-upn-120-en-acier-caracteristiques.webp;caracteristiques;CONFORME;2026-09-14
poutrelle-upn-140-en-acier;/acier/poutrelles/upn;/images/produits/acier/poutrelles/upn/poutrelle-upn-140-en-acier-caracteristiques.webp;caracteristiques;CONFORME;2026-09-14
poutrelle-upn-160-en-acier;/acier/poutrelles/upn;/images/produits/acier/poutrelles/upn/poutrelle-upn-160-en-acier-caracteristiques.webp;caracteristiques;CONFORME;2026-09-14
poutrelle-upn-180-en-acier;/acier/poutrelles/upn;/images/produits/acier/poutrelles/upn/poutrelle-upn-180-en-acier-caracteristiques.webp;caracteristiques;CONFORME;2026-09-14
poutrelle-upn-200-en-acier;/acier/poutrelles/upn;/images/produits/acier/poutrelles/upn/poutrelle-upn-200-en-acier-caracteristiques.webp;caracteristiques;CONFORME;2026-09-14
poutrelle-upn-220-en-acier;/acier/poutrelles/upn;/images/produits/acier/poutrelles/upn/poutrelle-upn-220-en-acier-caracteristiques.webp;caracteristiques;CONFORME;2026-09-14
poutrelle-upn-240-en-acier;/acier/poutrelles/upn;/images/produits/acier/poutrelles/upn/poutrelle-upn-240-en-acier-caracteristiques.webp;caracteristiques;CONFORME;2026-09-14
poutrelle-upn-260-en-acier;/acier/poutrelles/upn;/images/produits/acier/poutrelles/upn/poutrelle-upn-260-en-acier-caracteristiques.webp;caracteristiques;CONFORME;2026-09-14
poutrelle-upn-280-en-acier;/acier/poutrelles/upn;/images/produits/acier/poutrelles/upn/poutrelle-upn-280-en-acier-caracteristiques.webp;caracteristiques;CONFORME;2026-09-14
poutrelle-upn-300-en-acier;/acier/poutrelles/upn;/images/produits/acier/poutrelles/upn/poutrelle-upn-300-en-acier-caracteristiques.webp;caracteristiques;CONFORME;2026-09-14
poutrelle-upn-80-en-acier;/acier/poutrelles/upn;/images/produits/acier/poutrelles/upn/poutrelle-upn-80-en-acier-caracteristiques.webp;caracteristiques;CONFORME;2026-09-14
studio-carre-plein;/acier/profiles/carre-plein;/images/produits/acier/profiles/carre-plein/studio-carre-plein.webp;studio;CONFORME;2026-09-15
carre-plein-de-10x10mm-en-acier;/acier/profiles/carre-plein;/images/produits/acier/profiles/carre-plein/carre-plein-de-10x10mm-en-acier-caracteristiques.webp;caracteristiques;CONFORME;2026-09-15
carre-plein-de-12x12mm-en-acier;/acier/profiles/carre-plein;/images/produits/acier/profiles/carre-plein/carre-plein-de-12x12mm-en-acier-caracteristiques.webp;caracteristiques;CONFORME;2026-09-15
carre-plein-de-14x14mm-en-acier;/acier/profiles/carre-plein;/images/produits/acier/profiles/carre-plein/carre-plein-de-14x14mm-en-acier-caracteristiques.webp;caracteristiques;CONFORME;2026-09-15
carre-plein-de-16x16mm-en-acier;/acier/profiles/carre-plein;/images/produits/acier/profiles/carre-plein/carre-plein-de-16x16mm-en-acier-caracteristiques.webp;caracteristiques;CONFORME;2026-09-15
carre-plein-de-20x20mm-en-acier;/acier/profiles/carre-plein;/images/produits/acier/profiles/carre-plein/carre-plein-de-20x20mm-en-acier-caracteristiques.webp;caracteristiques;CONFORME;2026-09-15
carre-plein-de-6x6mm-en-acier;/acier/profiles/carre-plein;/images/produits/acier/profiles/carre-plein/carre-plein-de-6x6mm-en-acier-caracteristiques.webp;caracteristiques;CONFORME;2026-09-15
carre-plein-de-8x8mm-en-acier;/acier/profiles/carre-plein;/images/produits/acier/profiles/carre-plein/carre-plein-de-8x8mm-en-acier-caracteristiques.webp;caracteristiques;CONFORME;2026-09-15
studio-corniere-egale;/acier/profiles/corniere-egale;/images/produits/acier/profiles/corniere-egale/studio-corniere-egale.webp;studio;CONFORME;2026-09-14
corniere-egale-100x100x10mm-acier-lac;/acier/profiles/corniere-egale;/images/produits/acier/profiles/corniere-egale/corniere-egale-100x100x10mm-acier-lac-caracteristiques.webp;caracteristiques;CONFORME;2026-09-14
corniere-egale-20x20x3mm-acier-lac;/acier/profiles/corniere-egale;/images/produits/acier/profiles/corniere-egale/corniere-egale-20x20x3mm-acier-lac-caracteristiques.webp;caracteristiques;CONFORME;2026-09-14
corniere-egale-25x25x3mm-acier-lac;/acier/profiles/corniere-egale;/images/produits/acier/profiles/corniere-egale/corniere-egale-25x25x3mm-acier-lac-caracteristiques.webp;caracteristiques;CONFORME;2026-09-14
corniere-egale-30x30x3mm-acier-lac;/acier/profiles/corniere-egale;/images/produits/acier/profiles/corniere-egale/corniere-egale-30x30x3mm-acier-lac-caracteristiques.webp;caracteristiques;CONFORME;2026-09-14
corniere-egale-40x40x3mm-acier-lac;/acier/profiles/corniere-egale;/images/produits/acier/profiles/corniere-egale/corniere-egale-40x40x3mm-acier-lac-caracteristiques.webp;caracteristiques;CONFORME;2026-09-14
corniere-egale-40x40x4mm-acier-lac;/acier/profiles/corniere-egale;/images/produits/acier/profiles/corniere-egale/corniere-egale-40x40x4mm-acier-lac-caracteristiques.webp;caracteristiques;CONFORME;2026-09-14
corniere-egale-50x50x3mm-acier-lac;/acier/profiles/corniere-egale;/images/produits/acier/profiles/corniere-egale/corniere-egale-50x50x3mm-acier-lac-caracteristiques.webp;caracteristiques;CONFORME;2026-09-14
corniere-egale-50x50x5mm-acier-lac;/acier/profiles/corniere-egale;/images/produits/acier/profiles/corniere-egale/corniere-egale-50x50x5mm-acier-lac-caracteristiques.webp;caracteristiques;CONFORME;2026-09-14
corniere-egale-60x60x6mm-acier-lac;/acier/profiles/corniere-egale;/images/produits/acier/profiles/corniere-egale/corniere-egale-60x60x6mm-acier-lac-caracteristiques.webp;caracteristiques;CONFORME;2026-09-14
corniere-egale-80x80x8mm-acier-lac;/acier/profiles/corniere-egale;/images/produits/acier/profiles/corniere-egale/corniere-egale-80x80x8mm-acier-lac-caracteristiques.webp;caracteristiques;CONFORME;2026-09-14
studio-corniere-inegale;/acier/profiles/corniere-inegale;/images/produits/acier/profiles/corniere-inegale/studio-corniere-inegale.webp;studio;CONFORME;2026-09-14
corniere-inegale-100x50x6mm-acier-lac;/acier/profiles/corniere-inegale;/images/produits/acier/profiles/corniere-inegale/corniere-inegale-100x50x6mm-acier-lac-caracteristiques.webp;caracteristiques;CONFORME;2026-09-14
corniere-inegale-150x100x10mm-acier-lac;/acier/profiles/corniere-inegale;/images/produits/acier/profiles/corniere-inegale/corniere-inegale-150x100x10mm-acier-lac-caracteristiques.webp;caracteristiques;CONFORME;2026-09-14
corniere-inegale-200x100x10mm-acier-lac;/acier/profiles/corniere-inegale;/images/produits/acier/profiles/corniere-inegale/corniere-inegale-200x100x10mm-acier-lac-caracteristiques.webp;caracteristiques;CONFORME;2026-09-14
corniere-inegale-60x40x5mm-acier-lac;/acier/profiles/corniere-inegale;/images/produits/acier/profiles/corniere-inegale/corniere-inegale-60x40x5mm-acier-lac-caracteristiques.webp;caracteristiques;CONFORME;2026-09-14
corniere-inegale-70x50x6mm-acier-lac;/acier/profiles/corniere-inegale;/images/produits/acier/profiles/corniere-inegale/corniere-inegale-70x50x6mm-acier-lac-caracteristiques.webp;caracteristiques;CONFORME;2026-09-14
studio-fer-t;/acier/profiles/fer-t;/images/produits/acier/profiles/fer-t/studio-fer-t.webp;studio;CONFORME;2026-09-15
fer-en-t-20x3mm-en-acier-lamine-a-chaud;/acier/profiles/fer-t;/images/produits/acier/profiles/fer-t/fer-en-t-20x3mm-en-acier-lamine-a-chaud-caracteristiques.webp;caracteristiques;CONFORME;2026-09-15
fer-en-t-30x4mm-en-acier-lamine-a-chaud;/acier/profiles/fer-t;/images/produits/acier/profiles/fer-t/fer-en-t-30x4mm-en-acier-lamine-a-chaud-caracteristiques.webp;caracteristiques;CONFORME;2026-09-15
fer-en-t-40x5mm-en-acier-lamine-a-chaud;/acier/profiles/fer-t;/images/produits/acier/profiles/fer-t/fer-en-t-40x5mm-en-acier-lamine-a-chaud-caracteristiques.webp;caracteristiques;CONFORME;2026-09-15
fer-en-t-50x6mm-en-acier-lamine-a-chaud;/acier/profiles/fer-t;/images/produits/acier/profiles/fer-t/fer-en-t-50x6mm-en-acier-lamine-a-chaud-caracteristiques.webp;caracteristiques;CONFORME;2026-09-15
fer-en-t-60x7mm-en-acier-lamine-a-chaud;/acier/profiles/fer-t;/images/produits/acier/profiles/fer-t/fer-en-t-60x7mm-en-acier-lamine-a-chaud-caracteristiques.webp;caracteristiques;CONFORME;2026-09-15
studio-large-plat;/acier/profiles/large-plat;/images/produits/acier/profiles/large-plat/studio-large-plat.webp;studio;CONFORME;2026-09-15
large-plat-180x10mm-en-acier-lamine-a-chaud;/acier/profiles/large-plat;/images/produits/acier/profiles/large-plat/large-plat-180x10mm-en-acier-lamine-a-chaud-caracteristiques.webp;caracteristiques;CONFORME;2026-09-15
large-plat-200x10mm-en-acier-lamine-a-chaud;/acier/profiles/large-plat;/images/produits/acier/profiles/large-plat/large-plat-200x10mm-en-acier-lamine-a-chaud-caracteristiques.webp;caracteristiques;CONFORME;2026-09-15
large-plat-en-acier-lamine-a-chaud-160x10mm;/acier/profiles/large-plat;/images/produits/acier/profiles/large-plat/large-plat-en-acier-lamine-a-chaud-160x10mm-caracteristiques.webp;caracteristiques;CONFORME;2026-09-15
studio-plat;/acier/profiles/plat;/images/produits/acier/profiles/plat/studio-plat.webp;studio;CONFORME;2026-09-15
plat-100x10mm-en-acier-lamine-a-chaud;/acier/profiles/plat;/images/produits/acier/profiles/plat/plat-100x10mm-en-acier-lamine-a-chaud-caracteristiques.webp;caracteristiques;CONFORME;2026-09-15
plat-100x5mm-en-acier-lamine-a-chaud;/acier/profiles/plat;/images/produits/acier/profiles/plat/plat-100x5mm-en-acier-lamine-a-chaud-caracteristiques.webp;caracteristiques;CONFORME;2026-09-15
plat-100x8mm-en-acier-lamine-a-chaud;/acier/profiles/plat;/images/produits/acier/profiles/plat/plat-100x8mm-en-acier-lamine-a-chaud-caracteristiques.webp;caracteristiques;CONFORME;2026-09-15
plat-10x3mm-en-acier-lamine-a-chaud;/acier/profiles/plat;/images/produits/acier/profiles/plat/plat-10x3mm-en-acier-lamine-a-chaud-caracteristiques.webp;caracteristiques;CONFORME;2026-09-15
plat-120x10mm-en-acier-lamine-a-chaud;/acier/profiles/plat;/images/produits/acier/profiles/plat/plat-120x10mm-en-acier-lamine-a-chaud-caracteristiques.webp;caracteristiques;CONFORME;2026-09-15
plat-120x5mm-en-acier-lamine-a-chaud;/acier/profiles/plat;/images/produits/acier/profiles/plat/plat-120x5mm-en-acier-lamine-a-chaud-caracteristiques.webp;caracteristiques;CONFORME;2026-09-15
plat-140x10mm-en-acier-lamine-a-chaud;/acier/profiles/plat;/images/produits/acier/profiles/plat/plat-140x10mm-en-acier-lamine-a-chaud-caracteristiques.webp;caracteristiques;CONFORME;2026-09-15
plat-150x10mm-en-acier-lamine-a-chaud;/acier/profiles/plat;/images/produits/acier/profiles/plat/plat-150x10mm-en-acier-lamine-a-chaud-caracteristiques.webp;caracteristiques;CONFORME;2026-09-15
plat-150x5mm-en-acier-lamine-a-chaud;/acier/profiles/plat;/images/produits/acier/profiles/plat/plat-150x5mm-en-acier-lamine-a-chaud-caracteristiques.webp;caracteristiques;CONFORME;2026-09-15
plat-20x10mm-en-acier-lamine-a-chaud;/acier/profiles/plat;/images/produits/acier/profiles/plat/plat-20x10mm-en-acier-lamine-a-chaud-caracteristiques.webp;caracteristiques;CONFORME;2026-09-15
plat-20x3mm-en-acier-lamine-a-chaud;/acier/profiles/plat;/images/produits/acier/profiles/plat/plat-20x3mm-en-acier-lamine-a-chaud-caracteristiques.webp;caracteristiques;CONFORME;2026-09-15
plat-20x5mm-en-acier-lamine-a-chaud;/acier/profiles/plat;/images/produits/acier/profiles/plat/plat-20x5mm-en-acier-lamine-a-chaud-caracteristiques.webp;caracteristiques;CONFORME;2026-09-15
plat-25x10mm-en-acier-lamine-a-chaud;/acier/profiles/plat;/images/produits/acier/profiles/plat/plat-25x10mm-en-acier-lamine-a-chaud-caracteristiques.webp;caracteristiques;CONFORME;2026-09-15
plat-25x3mm-en-acier-lamine-a-chaud;/acier/profiles/plat;/images/produits/acier/profiles/plat/plat-25x3mm-en-acier-lamine-a-chaud-caracteristiques.webp;caracteristiques;CONFORME;2026-09-15
plat-25x4mm-en-acier-lamine-a-chaud;/acier/profiles/plat;/images/produits/acier/profiles/plat/plat-25x4mm-en-acier-lamine-a-chaud-caracteristiques.webp;caracteristiques;CONFORME;2026-09-15
plat-25x5mm-en-acier-lamine-a-chaud;/acier/profiles/plat;/images/produits/acier/profiles/plat/plat-25x5mm-en-acier-lamine-a-chaud-caracteristiques.webp;caracteristiques;CONFORME;2026-09-15
plat-30x10mm-en-acier-lamine-a-chaud;/acier/profiles/plat;/images/produits/acier/profiles/plat/plat-30x10mm-en-acier-lamine-a-chaud-caracteristiques.webp;caracteristiques;CONFORME;2026-09-15
plat-30x20mm-en-acier-lamine-a-chaud;/acier/profiles/plat;/images/produits/acier/profiles/plat/plat-30x20mm-en-acier-lamine-a-chaud-caracteristiques.webp;caracteristiques;CONFORME;2026-09-15
plat-30x3mm-en-acier-lamine-a-chaud;/acier/profiles/plat;/images/produits/acier/profiles/plat/plat-30x3mm-en-acier-lamine-a-chaud-caracteristiques.webp;caracteristiques;CONFORME;2026-09-15
plat-30x5mm-en-acier-lamine-a-chaud;/acier/profiles/plat;/images/produits/acier/profiles/plat/plat-30x5mm-en-acier-lamine-a-chaud-caracteristiques.webp;caracteristiques;CONFORME;2026-09-15
plat-30x6mm-en-acier-lamine-a-chaud;/acier/profiles/plat;/images/produits/acier/profiles/plat/plat-30x6mm-en-acier-lamine-a-chaud-caracteristiques.webp;caracteristiques;CONFORME;2026-09-15
plat-30x8mm-en-acier-lamine-a-chaud;/acier/profiles/plat;/images/produits/acier/profiles/plat/plat-30x8mm-en-acier-lamine-a-chaud-caracteristiques.webp;caracteristiques;CONFORME;2026-09-15
plat-40x10mm-en-acier-lamine-a-chaud;/acier/profiles/plat;/images/produits/acier/profiles/plat/plat-40x10mm-en-acier-lamine-a-chaud-caracteristiques.webp;caracteristiques;CONFORME;2026-09-15
plat-40x3mm-en-acier-lamine-a-chaud;/acier/profiles/plat;/images/produits/acier/profiles/plat/plat-40x3mm-en-acier-lamine-a-chaud-caracteristiques.webp;caracteristiques;CONFORME;2026-09-15
plat-40x4mm-en-acier-lamine-a-chaud;/acier/profiles/plat;/images/produits/acier/profiles/plat/plat-40x4mm-en-acier-lamine-a-chaud-caracteristiques.webp;caracteristiques;CONFORME;2026-09-15
plat-40x5mm-en-acier-lamine-a-chaud;/acier/profiles/plat;/images/produits/acier/profiles/plat/plat-40x5mm-en-acier-lamine-a-chaud-caracteristiques.webp;caracteristiques;CONFORME;2026-09-15
plat-40x8mm-en-acier-lamine-a-chaud;/acier/profiles/plat;/images/produits/acier/profiles/plat/plat-40x8mm-en-acier-lamine-a-chaud-caracteristiques.webp;caracteristiques;CONFORME;2026-09-15
plat-50x10mm-en-acier-lamine-a-chaud;/acier/profiles/plat;/images/produits/acier/profiles/plat/plat-50x10mm-en-acier-lamine-a-chaud-caracteristiques.webp;caracteristiques;CONFORME;2026-09-15
plat-50x3mm-en-acier-lamine-a-chaud;/acier/profiles/plat;/images/produits/acier/profiles/plat/plat-50x3mm-en-acier-lamine-a-chaud-caracteristiques.webp;caracteristiques;CONFORME;2026-09-15
plat-50x5mm-en-acier-lamine-a-chaud;/acier/profiles/plat;/images/produits/acier/profiles/plat/plat-50x5mm-en-acier-lamine-a-chaud-caracteristiques.webp;caracteristiques;CONFORME;2026-09-15
plat-50x8mm-en-acier-lamine-a-chaud;/acier/profiles/plat;/images/produits/acier/profiles/plat/plat-50x8mm-en-acier-lamine-a-chaud-caracteristiques.webp;caracteristiques;CONFORME;2026-09-15
plat-60x10mm-en-acier-lamine-a-chaud;/acier/profiles/plat;/images/produits/acier/profiles/plat/plat-60x10mm-en-acier-lamine-a-chaud-caracteristiques.webp;caracteristiques;CONFORME;2026-09-15
plat-60x5mm-en-acier-lamine-a-chaud;/acier/profiles/plat;/images/produits/acier/profiles/plat/plat-60x5mm-en-acier-lamine-a-chaud-caracteristiques.webp;caracteristiques;CONFORME;2026-09-15
plat-60x8mm-en-acier-lamine-a-chaud;/acier/profiles/plat;/images/produits/acier/profiles/plat/plat-60x8mm-en-acier-lamine-a-chaud-caracteristiques.webp;caracteristiques;CONFORME;2026-09-15
plat-70x10mm-en-acier-lamine-a-chaud;/acier/profiles/plat;/images/produits/acier/profiles/plat/plat-70x10mm-en-acier-lamine-a-chaud-caracteristiques.webp;caracteristiques;CONFORME;2026-09-15
plat-80x10mm-en-acier-lamine-a-chaud;/acier/profiles/plat;/images/produits/acier/profiles/plat/plat-80x10mm-en-acier-lamine-a-chaud-caracteristiques.webp;caracteristiques;CONFORME;2026-09-15
plat-80x8mm-en-acier-lamine-a-chaud;/acier/profiles/plat;/images/produits/acier/profiles/plat/plat-80x8mm-en-acier-lamine-a-chaud-caracteristiques.webp;caracteristiques;CONFORME;2026-09-15
studio-rond-plein;/acier/profiles/rond-plein;/images/produits/acier/profiles/rond-plein/studio-rond-plein.webp;studio;CONFORME;2026-09-15
rond-lisse-10mm-en-acier-laminee-a-chaud;/acier/profiles/rond-plein;/images/produits/acier/profiles/rond-plein/rond-lisse-10mm-en-acier-laminee-a-chaud-caracteristiques.webp;caracteristiques;CONFORME;2026-09-15
rond-lisse-12mm-en-acier-laminee-a-chaud;/acier/profiles/rond-plein;/images/produits/acier/profiles/rond-plein/rond-lisse-12mm-en-acier-laminee-a-chaud-caracteristiques.webp;caracteristiques;CONFORME;2026-09-15
rond-lisse-14mm-en-acier-laminee-a-chaud;/acier/profiles/rond-plein;/images/produits/acier/profiles/rond-plein/rond-lisse-14mm-en-acier-laminee-a-chaud-caracteristiques.webp;caracteristiques;CONFORME;2026-09-15
rond-lisse-16mm-en-acier-laminee-a-chaud;/acier/profiles/rond-plein;/images/produits/acier/profiles/rond-plein/rond-lisse-16mm-en-acier-laminee-a-chaud-caracteristiques.webp;caracteristiques;CONFORME;2026-09-15
rond-lisse-18mm-en-acier-laminee-a-chaud;/acier/profiles/rond-plein;/images/produits/acier/profiles/rond-plein/rond-lisse-18mm-en-acier-laminee-a-chaud-caracteristiques.webp;caracteristiques;CONFORME;2026-09-15
rond-lisse-20mm-en-acier-laminee-a-chaud;/acier/profiles/rond-plein;/images/produits/acier/profiles/rond-plein/rond-lisse-20mm-en-acier-laminee-a-chaud-caracteristiques.webp;caracteristiques;CONFORME;2026-09-15
rond-lisse-22mm-en-acier-laminee-a-chaud;/acier/profiles/rond-plein;/images/produits/acier/profiles/rond-plein/rond-lisse-22mm-en-acier-laminee-a-chaud-caracteristiques.webp;caracteristiques;CONFORME;2026-09-15
rond-lisse-6mm-en-acier-laminee-a-chaud;/acier/profiles/rond-plein;/images/produits/acier/profiles/rond-plein/rond-lisse-6mm-en-acier-laminee-a-chaud-caracteristiques.webp;caracteristiques;CONFORME;2026-09-15
rond-lisse-8mm-en-acier-laminee-a-chaud;/acier/profiles/rond-plein;/images/produits/acier/profiles/rond-plein/rond-lisse-8mm-en-acier-laminee-a-chaud-caracteristiques.webp;caracteristiques;CONFORME;2026-09-15
studio-tole-laminee-a-chaud;/acier/toles/tole-laminee-a-chaud;/images/produits/acier/toles/tole-laminee-a-chaud/studio-tole-laminee-a-chaud.webp;studio;CONFORME;2026-09-15
tole-de-2000x1000x10mm-en-acier-laminee-a-chaud;/acier/toles/tole-laminee-a-chaud;/images/produits/acier/toles/tole-laminee-a-chaud/tole-de-2000x1000x10mm-en-acier-laminee-a-chaud-caracteristiques.webp;caracteristiques;CONFORME;2026-09-15
tole-de-2000x1000x12mm-en-acier-laminee-a-chaud;/acier/toles/tole-laminee-a-chaud;/images/produits/acier/toles/tole-laminee-a-chaud/tole-de-2000x1000x12mm-en-acier-laminee-a-chaud-caracteristiques.webp;caracteristiques;CONFORME;2026-09-15
tole-de-2000x1000x2mm-en-acier-laminee-a-chaud;/acier/toles/tole-laminee-a-chaud;/images/produits/acier/toles/tole-laminee-a-chaud/tole-de-2000x1000x2mm-en-acier-laminee-a-chaud-caracteristiques.webp;caracteristiques;CONFORME;2026-09-15
tole-de-2000x1000x3mm-en-acier-laminee-a-chaud;/acier/toles/tole-laminee-a-chaud;/images/produits/acier/toles/tole-laminee-a-chaud/tole-de-2000x1000x3mm-en-acier-laminee-a-chaud-caracteristiques.webp;caracteristiques;CONFORME;2026-09-15
tole-de-2000x1000x5mm-en-acier-laminee-a-chaud;/acier/toles/tole-laminee-a-chaud;/images/produits/acier/toles/tole-laminee-a-chaud/tole-de-2000x1000x5mm-en-acier-laminee-a-chaud-caracteristiques.webp;caracteristiques;CONFORME;2026-09-15
tole-de-2500x1250x10mm-en-acier-laminee-a-chaud;/acier/toles/tole-laminee-a-chaud;/images/produits/acier/toles/tole-laminee-a-chaud/tole-de-2500x1250x10mm-en-acier-laminee-a-chaud-caracteristiques.webp;caracteristiques;CONFORME;2026-09-15
tole-de-2500x1250x2mm-en-acier-laminee-a-chaud;/acier/toles/tole-laminee-a-chaud;/images/produits/acier/toles/tole-laminee-a-chaud/tole-de-2500x1250x2mm-en-acier-laminee-a-chaud-caracteristiques.webp;caracteristiques;CONFORME;2026-09-15
tole-de-2500x1250x3mm-en-acier-laminee-a-chaud;/acier/toles/tole-laminee-a-chaud;/images/produits/acier/toles/tole-laminee-a-chaud/tole-de-2500x1250x3mm-en-acier-laminee-a-chaud-caracteristiques.webp;caracteristiques;CONFORME;2026-09-15
tole-de-2500x1250x5mm-en-acier-laminee-a-chaud;/acier/toles/tole-laminee-a-chaud;/images/produits/acier/toles/tole-laminee-a-chaud/tole-de-2500x1250x5mm-en-acier-laminee-a-chaud-caracteristiques.webp;caracteristiques;CONFORME;2026-09-15
tole-de-3000x1500x10mm-en-acier-laminee-a-chaud;/acier/toles/tole-laminee-a-chaud;/images/produits/acier/toles/tole-laminee-a-chaud/tole-de-3000x1500x10mm-en-acier-laminee-a-chaud-caracteristiques.webp;caracteristiques;CONFORME;2026-09-15
tole-de-3000x1500x3mm-en-acier-laminee-a-chaud;/acier/toles/tole-laminee-a-chaud;/images/produits/acier/toles/tole-laminee-a-chaud/tole-de-3000x1500x3mm-en-acier-laminee-a-chaud-caracteristiques.webp;caracteristiques;CONFORME;2026-09-15
tole-de-3000x1500x8mm-en-acier-laminee-a-chaud;/acier/toles/tole-laminee-a-chaud;/images/produits/acier/toles/tole-laminee-a-chaud/tole-de-3000x1500x8mm-en-acier-laminee-a-chaud-caracteristiques.webp;caracteristiques;CONFORME;2026-09-15
tole-plane-de-2000x1000x10mm-laserpressplus;/acier/toles/tole-laminee-a-chaud;/images/produits/acier/toles/tole-laminee-a-chaud/tole-plane-de-2000x1000x10mm-laserpressplus-caracteristiques.webp;caracteristiques;CONFORME;2026-09-15
tole-plane-de-2000x1000x15mm-laserpressplus;/acier/toles/tole-laminee-a-chaud;/images/produits/acier/toles/tole-laminee-a-chaud/tole-plane-de-2000x1000x15mm-laserpressplus-caracteristiques.webp;caracteristiques;CONFORME;2026-09-15
tole-plane-de-2000x1000x2mm-laserpressplus;/acier/toles/tole-laminee-a-chaud;/images/produits/acier/toles/tole-laminee-a-chaud/tole-plane-de-2000x1000x2mm-laserpressplus-caracteristiques.webp;caracteristiques;CONFORME;2026-09-15
tole-plane-de-2000x1000x3mm-laserpressplus;/acier/toles/tole-laminee-a-chaud;/images/produits/acier/toles/tole-laminee-a-chaud/tole-plane-de-2000x1000x3mm-laserpressplus-caracteristiques.webp;caracteristiques;CONFORME;2026-09-15
tole-plane-de-2000x1000x4mm-laserpressplus;/acier/toles/tole-laminee-a-chaud;/images/produits/acier/toles/tole-laminee-a-chaud/tole-plane-de-2000x1000x4mm-laserpressplus-caracteristiques.webp;caracteristiques;CONFORME;2026-09-15
tole-plane-de-2000x1000x5mm-laserpressplus;/acier/toles/tole-laminee-a-chaud;/images/produits/acier/toles/tole-laminee-a-chaud/tole-plane-de-2000x1000x5mm-laserpressplus-caracteristiques.webp;caracteristiques;CONFORME;2026-09-15
tole-plane-de-2000x1000x6mm-laserpressplus;/acier/toles/tole-laminee-a-chaud;/images/produits/acier/toles/tole-laminee-a-chaud/tole-plane-de-2000x1000x6mm-laserpressplus-caracteristiques.webp;caracteristiques;CONFORME;2026-09-15
tole-plane-de-2000x1000x8mm-laserpressplus;/acier/toles/tole-laminee-a-chaud;/images/produits/acier/toles/tole-laminee-a-chaud/tole-plane-de-2000x1000x8mm-laserpressplus-caracteristiques.webp;caracteristiques;CONFORME;2026-09-15
tole-plane-de-2500x1250x10mm-laserpressplus;/acier/toles/tole-laminee-a-chaud;/images/produits/acier/toles/tole-laminee-a-chaud/tole-plane-de-2500x1250x10mm-laserpressplus-caracteristiques.webp;caracteristiques;CONFORME;2026-09-15
tole-plane-de-2500x1250x15mm-laserpressplus;/acier/toles/tole-laminee-a-chaud;/images/produits/acier/toles/tole-laminee-a-chaud/tole-plane-de-2500x1250x15mm-laserpressplus-caracteristiques.webp;caracteristiques;CONFORME;2026-09-15
tole-plane-de-2500x1250x2mm-laserpressplus;/acier/toles/tole-laminee-a-chaud;/images/produits/acier/toles/tole-laminee-a-chaud/tole-plane-de-2500x1250x2mm-laserpressplus-caracteristiques.webp;caracteristiques;CONFORME;2026-09-15
tole-plane-de-2500x1250x3mm-laserpressplus;/acier/toles/tole-laminee-a-chaud;/images/produits/acier/toles/tole-laminee-a-chaud/tole-plane-de-2500x1250x3mm-laserpressplus-caracteristiques.webp;caracteristiques;CONFORME;2026-09-15
tole-plane-de-2500x1250x4mm-laserpressplus;/acier/toles/tole-laminee-a-chaud;/images/produits/acier/toles/tole-laminee-a-chaud/tole-plane-de-2500x1250x4mm-laserpressplus-caracteristiques.webp;caracteristiques;CONFORME;2026-09-15
tole-plane-de-2500x1250x5mm-laserpressplus;/acier/toles/tole-laminee-a-chaud;/images/produits/acier/toles/tole-laminee-a-chaud/tole-plane-de-2500x1250x5mm-laserpressplus-caracteristiques.webp;caracteristiques;CONFORME;2026-09-15
tole-plane-de-2500x1250x6mm-laserpressplus;/acier/toles/tole-laminee-a-chaud;/images/produits/acier/toles/tole-laminee-a-chaud/tole-plane-de-2500x1250x6mm-laserpressplus-caracteristiques.webp;caracteristiques;CONFORME;2026-09-15
tole-plane-de-2500x1250x8mm-laserpressplus;/acier/toles/tole-laminee-a-chaud;/images/produits/acier/toles/tole-laminee-a-chaud/tole-plane-de-2500x1250x8mm-laserpressplus-caracteristiques.webp;caracteristiques;CONFORME;2026-09-15
tole-plane-de-3000x1500x10mm-laserpressplus;/acier/toles/tole-laminee-a-chaud;/images/produits/acier/toles/tole-laminee-a-chaud/tole-plane-de-3000x1500x10mm-laserpressplus-caracteristiques.webp;caracteristiques;CONFORME;2026-09-15
tole-plane-de-3000x1500x15mm-laserpressplus;/acier/toles/tole-laminee-a-chaud;/images/produits/acier/toles/tole-laminee-a-chaud/tole-plane-de-3000x1500x15mm-laserpressplus-caracteristiques.webp;caracteristiques;CONFORME;2026-09-15
tole-plane-de-3000x1500x2mm-laserpressplus;/acier/toles/tole-laminee-a-chaud;/images/produits/acier/toles/tole-laminee-a-chaud/tole-plane-de-3000x1500x2mm-laserpressplus-caracteristiques.webp;caracteristiques;CONFORME;2026-09-15
tole-plane-de-3000x1500x3mm-laserpressplus;/acier/toles/tole-laminee-a-chaud;/images/produits/acier/toles/tole-laminee-a-chaud/tole-plane-de-3000x1500x3mm-laserpressplus-caracteristiques.webp;caracteristiques;CONFORME;2026-09-15
tole-plane-de-3000x1500x4mm-laserpressplus;/acier/toles/tole-laminee-a-chaud;/images/produits/acier/toles/tole-laminee-a-chaud/tole-plane-de-3000x1500x4mm-laserpressplus-caracteristiques.webp;caracteristiques;CONFORME;2026-09-15
tole-plane-de-3000x1500x6mm-laserpressplus;/acier/toles/tole-laminee-a-chaud;/images/produits/acier/toles/tole-laminee-a-chaud/tole-plane-de-3000x1500x6mm-laserpressplus-caracteristiques.webp;caracteristiques;CONFORME;2026-09-15
tole-plane-de-3000x1500x8mm-laserpressplus;/acier/toles/tole-laminee-a-chaud;/images/produits/acier/toles/tole-laminee-a-chaud/tole-plane-de-3000x1500x8mm-laserpressplus-caracteristiques.webp;caracteristiques;CONFORME;2026-09-15
tole-plane-laserpressplus-240-skinpass-de-3000x1500x5mm;/acier/toles/tole-laminee-a-chaud;/images/produits/acier/toles/tole-laminee-a-chaud/tole-plane-laserpressplus-240-skinpass-de-3000x1500x5mm-caracteristiques.webp;caracteristiques;CONFORME;2026-09-15
studio-tole-quarto;/acier/toles/tole-quarto;/images/produits/acier/toles/tole-quarto/studio-tole-quarto.webp;studio;CONFORME;2026-09-15
tole-de-2000x1000x20mm-en-acier-quarto;/acier/toles/tole-quarto;/images/produits/acier/toles/tole-quarto/tole-de-2000x1000x20mm-en-acier-quarto-caracteristiques.webp;caracteristiques;CONFORME;2026-09-15
studio-tube-carre;/acier/tubes/tube-carre;/images/produits/acier/tubes/tube-carre/studio-tube-carre.webp;studio;CONFORME;2026-09-15
tube-carre-100x100x10mm-en-acier;/acier/tubes/tube-carre;/images/produits/acier/tubes/tube-carre/tube-carre-100x100x10mm-en-acier-caracteristiques.webp;caracteristiques;CONFORME;2026-09-15
tube-carre-100x100x3mm-en-acier;/acier/tubes/tube-carre;/images/produits/acier/tubes/tube-carre/tube-carre-100x100x3mm-en-acier-caracteristiques.webp;caracteristiques;CONFORME;2026-09-15
tube-carre-100x100x4mm-en-acier;/acier/tubes/tube-carre;/images/produits/acier/tubes/tube-carre/tube-carre-100x100x4mm-en-acier-caracteristiques.webp;caracteristiques;CONFORME;2026-09-15
tube-carre-100x100x5mm-en-acier;/acier/tubes/tube-carre;/images/produits/acier/tubes/tube-carre/tube-carre-100x100x5mm-en-acier-caracteristiques.webp;caracteristiques;CONFORME;2026-09-15
tube-carre-120x120x4mm-en-acier;/acier/tubes/tube-carre;/images/produits/acier/tubes/tube-carre/tube-carre-120x120x4mm-en-acier-caracteristiques.webp;caracteristiques;CONFORME;2026-09-15
tube-carre-120x120x5mm-en-acier;/acier/tubes/tube-carre;/images/produits/acier/tubes/tube-carre/tube-carre-120x120x5mm-en-acier-caracteristiques.webp;caracteristiques;CONFORME;2026-09-15
tube-carre-140x140x5mm-en-acier;/acier/tubes/tube-carre;/images/produits/acier/tubes/tube-carre/tube-carre-140x140x5mm-en-acier-caracteristiques.webp;caracteristiques;CONFORME;2026-09-15
tube-carre-150x150x5mm-en-acier;/acier/tubes/tube-carre;/images/produits/acier/tubes/tube-carre/tube-carre-150x150x5mm-en-acier-caracteristiques.webp;caracteristiques;CONFORME;2026-09-15
tube-carre-15x15x2mm-en-acier;/acier/tubes/tube-carre;/images/produits/acier/tubes/tube-carre/tube-carre-15x15x2mm-en-acier-caracteristiques.webp;caracteristiques;CONFORME;2026-09-15
tube-carre-20x20x2mm-en-acier;/acier/tubes/tube-carre;/images/produits/acier/tubes/tube-carre/tube-carre-20x20x2mm-en-acier-caracteristiques.webp;caracteristiques;CONFORME;2026-09-15
tube-carre-250x250x6mm-en-acier;/acier/tubes/tube-carre;/images/produits/acier/tubes/tube-carre/tube-carre-250x250x6mm-en-acier-caracteristiques.webp;caracteristiques;CONFORME;2026-09-15
tube-carre-25x25x2mm-en-acier;/acier/tubes/tube-carre;/images/produits/acier/tubes/tube-carre/tube-carre-25x25x2mm-en-acier-caracteristiques.webp;caracteristiques;CONFORME;2026-09-15
tube-carre-25x25x3mm-en-acier;/acier/tubes/tube-carre;/images/produits/acier/tubes/tube-carre/tube-carre-25x25x3mm-en-acier-caracteristiques.webp;caracteristiques;CONFORME;2026-09-15
tube-carre-30x30x2mm-en-acier;/acier/tubes/tube-carre;/images/produits/acier/tubes/tube-carre/tube-carre-30x30x2mm-en-acier-caracteristiques.webp;caracteristiques;CONFORME;2026-09-15
tube-carre-30x30x3mm-en-acier;/acier/tubes/tube-carre;/images/produits/acier/tubes/tube-carre/tube-carre-30x30x3mm-en-acier-caracteristiques.webp;caracteristiques;CONFORME;2026-09-15
tube-carre-35x35x2mm-en-acier;/acier/tubes/tube-carre;/images/produits/acier/tubes/tube-carre/tube-carre-35x35x2mm-en-acier-caracteristiques.webp;caracteristiques;CONFORME;2026-09-15
tube-carre-40x40x2mm-en-acier;/acier/tubes/tube-carre;/images/produits/acier/tubes/tube-carre/tube-carre-40x40x2mm-en-acier-caracteristiques.webp;caracteristiques;CONFORME;2026-09-15
tube-carre-40x40x3mm-en-acier;/acier/tubes/tube-carre;/images/produits/acier/tubes/tube-carre/tube-carre-40x40x3mm-en-acier-caracteristiques.webp;caracteristiques;CONFORME;2026-09-15
tube-carre-40x40x4mm-en-acier;/acier/tubes/tube-carre;/images/produits/acier/tubes/tube-carre/tube-carre-40x40x4mm-en-acier-caracteristiques.webp;caracteristiques;CONFORME;2026-09-15
tube-carre-45x45x2mm-en-acier;/acier/tubes/tube-carre;/images/produits/acier/tubes/tube-carre/tube-carre-45x45x2mm-en-acier-caracteristiques.webp;caracteristiques;CONFORME;2026-09-15
tube-carre-45x45x3mm-en-acier;/acier/tubes/tube-carre;/images/produits/acier/tubes/tube-carre/tube-carre-45x45x3mm-en-acier-caracteristiques.webp;caracteristiques;CONFORME;2026-09-15
tube-carre-50x50x2mm-en-acier;/acier/tubes/tube-carre;/images/produits/acier/tubes/tube-carre/tube-carre-50x50x2mm-en-acier-caracteristiques.webp;caracteristiques;CONFORME;2026-09-15
tube-carre-50x50x3mm-en-acier;/acier/tubes/tube-carre;/images/produits/acier/tubes/tube-carre/tube-carre-50x50x3mm-en-acier-caracteristiques.webp;caracteristiques;CONFORME;2026-09-15
tube-carre-50x50x4mm-en-acier;/acier/tubes/tube-carre;/images/produits/acier/tubes/tube-carre/tube-carre-50x50x4mm-en-acier-caracteristiques.webp;caracteristiques;CONFORME;2026-09-15
tube-carre-50x50x5mm-en-acier;/acier/tubes/tube-carre;/images/produits/acier/tubes/tube-carre/tube-carre-50x50x5mm-en-acier-caracteristiques.webp;caracteristiques;CONFORME;2026-09-15
tube-carre-60x60x2mm-en-acier;/acier/tubes/tube-carre;/images/produits/acier/tubes/tube-carre/tube-carre-60x60x2mm-en-acier-caracteristiques.webp;caracteristiques;CONFORME;2026-09-15
tube-carre-60x60x3mm-en-acier;/acier/tubes/tube-carre;/images/produits/acier/tubes/tube-carre/tube-carre-60x60x3mm-en-acier-caracteristiques.webp;caracteristiques;CONFORME;2026-09-15
tube-carre-60x60x4mm-en-acier;/acier/tubes/tube-carre;/images/produits/acier/tubes/tube-carre/tube-carre-60x60x4mm-en-acier-caracteristiques.webp;caracteristiques;CONFORME;2026-09-15
tube-carre-60x60x5mm-en-acier;/acier/tubes/tube-carre;/images/produits/acier/tubes/tube-carre/tube-carre-60x60x5mm-en-acier-caracteristiques.webp;caracteristiques;CONFORME;2026-09-15
tube-carre-70x70x3mm-en-acier;/acier/tubes/tube-carre;/images/produits/acier/tubes/tube-carre/tube-carre-70x70x3mm-en-acier-caracteristiques.webp;caracteristiques;CONFORME;2026-09-15
tube-carre-70x70x4mm-en-acier;/acier/tubes/tube-carre;/images/produits/acier/tubes/tube-carre/tube-carre-70x70x4mm-en-acier-caracteristiques.webp;caracteristiques;CONFORME;2026-09-15
tube-carre-70x70x5mm-en-acier;/acier/tubes/tube-carre;/images/produits/acier/tubes/tube-carre/tube-carre-70x70x5mm-en-acier-caracteristiques.webp;caracteristiques;CONFORME;2026-09-15
tube-carre-80x80x3mm-en-acier;/acier/tubes/tube-carre;/images/produits/acier/tubes/tube-carre/tube-carre-80x80x3mm-en-acier-caracteristiques.webp;caracteristiques;CONFORME;2026-09-15
tube-carre-80x80x4mm-en-acier;/acier/tubes/tube-carre;/images/produits/acier/tubes/tube-carre/tube-carre-80x80x4mm-en-acier-caracteristiques.webp;caracteristiques;CONFORME;2026-09-15
tube-carre-80x80x5mm-en-acier;/acier/tubes/tube-carre;/images/produits/acier/tubes/tube-carre/tube-carre-80x80x5mm-en-acier-caracteristiques.webp;caracteristiques;CONFORME;2026-09-15
tube-carre-90x90x3mm-en-acier;/acier/tubes/tube-carre;/images/produits/acier/tubes/tube-carre/tube-carre-90x90x3mm-en-acier-caracteristiques.webp;caracteristiques;CONFORME;2026-09-15
studio-tube-rectangulaire;/acier/tubes/tube-rectangulaire;/images/produits/acier/tubes/tube-rectangulaire/studio-tube-rectangulaire.webp;studio;CONFORME;2026-09-15
tube-rectangle-100x50x3mm-en-acier;/acier/tubes/tube-rectangulaire;/images/produits/acier/tubes/tube-rectangulaire/tube-rectangle-100x50x3mm-en-acier-caracteristiques.webp;caracteristiques;CONFORME;2026-09-15
tube-rectangle-100x50x4mm-en-acier;/acier/tubes/tube-rectangulaire;/images/produits/acier/tubes/tube-rectangulaire/tube-rectangle-100x50x4mm-en-acier-caracteristiques.webp;caracteristiques;CONFORME;2026-09-15
tube-rectangle-120x60x3mm-en-acier;/acier/tubes/tube-rectangulaire;/images/produits/acier/tubes/tube-rectangulaire/tube-rectangle-120x60x3mm-en-acier-caracteristiques.webp;caracteristiques;CONFORME;2026-09-15
tube-rectangle-120x60x4mm-en-acier;/acier/tubes/tube-rectangulaire;/images/produits/acier/tubes/tube-rectangulaire/tube-rectangle-120x60x4mm-en-acier-caracteristiques.webp;caracteristiques;CONFORME;2026-09-15
tube-rectangle-200x100x5mm-en-acier;/acier/tubes/tube-rectangulaire;/images/produits/acier/tubes/tube-rectangulaire/tube-rectangle-200x100x5mm-en-acier-caracteristiques.webp;caracteristiques;CONFORME;2026-09-15
tube-rectangle-30x15x2mm-en-acier;/acier/tubes/tube-rectangulaire;/images/produits/acier/tubes/tube-rectangulaire/tube-rectangle-30x15x2mm-en-acier-caracteristiques.webp;caracteristiques;CONFORME;2026-09-15
tube-rectangle-30x20x2mm-en-acier;/acier/tubes/tube-rectangulaire;/images/produits/acier/tubes/tube-rectangulaire/tube-rectangle-30x20x2mm-en-acier-caracteristiques.webp;caracteristiques;CONFORME;2026-09-15
tube-rectangle-40x20x2mm-en-acier;/acier/tubes/tube-rectangulaire;/images/produits/acier/tubes/tube-rectangulaire/tube-rectangle-40x20x2mm-en-acier-caracteristiques.webp;caracteristiques;CONFORME;2026-09-15
tube-rectangle-40x20x3mm-en-acier;/acier/tubes/tube-rectangulaire;/images/produits/acier/tubes/tube-rectangulaire/tube-rectangle-40x20x3mm-en-acier-caracteristiques.webp;caracteristiques;CONFORME;2026-09-15
tube-rectangle-40x30x2mm-en-acier;/acier/tubes/tube-rectangulaire;/images/produits/acier/tubes/tube-rectangulaire/tube-rectangle-40x30x2mm-en-acier-caracteristiques.webp;caracteristiques;CONFORME;2026-09-15
tube-rectangle-50x20x2mm-en-acier;/acier/tubes/tube-rectangulaire;/images/produits/acier/tubes/tube-rectangulaire/tube-rectangle-50x20x2mm-en-acier-caracteristiques.webp;caracteristiques;CONFORME;2026-09-15
tube-rectangle-50x25x2mm-en-acier;/acier/tubes/tube-rectangulaire;/images/produits/acier/tubes/tube-rectangulaire/tube-rectangle-50x25x2mm-en-acier-caracteristiques.webp;caracteristiques;CONFORME;2026-09-15
tube-rectangle-50x30x2mm-en-acier;/acier/tubes/tube-rectangulaire;/images/produits/acier/tubes/tube-rectangulaire/tube-rectangle-50x30x2mm-en-acier-caracteristiques.webp;caracteristiques;CONFORME;2026-09-15
tube-rectangle-50x30x3mm-en-acier;/acier/tubes/tube-rectangulaire;/images/produits/acier/tubes/tube-rectangulaire/tube-rectangle-50x30x3mm-en-acier-caracteristiques.webp;caracteristiques;CONFORME;2026-09-15
tube-rectangle-60x30x2mm-en-acier;/acier/tubes/tube-rectangulaire;/images/produits/acier/tubes/tube-rectangulaire/tube-rectangle-60x30x2mm-en-acier-caracteristiques.webp;caracteristiques;CONFORME;2026-09-15
tube-rectangle-60x30x3mm-en-acier;/acier/tubes/tube-rectangulaire;/images/produits/acier/tubes/tube-rectangulaire/tube-rectangle-60x30x3mm-en-acier-caracteristiques.webp;caracteristiques;CONFORME;2026-09-15
tube-rectangle-60x40x2mm-en-acier;/acier/tubes/tube-rectangulaire;/images/produits/acier/tubes/tube-rectangulaire/tube-rectangle-60x40x2mm-en-acier-caracteristiques.webp;caracteristiques;CONFORME;2026-09-15
tube-rectangle-60x40x3mm-en-acier;/acier/tubes/tube-rectangulaire;/images/produits/acier/tubes/tube-rectangulaire/tube-rectangle-60x40x3mm-en-acier-caracteristiques.webp;caracteristiques;CONFORME;2026-09-15
tube-rectangle-80x40x2mm-en-acier;/acier/tubes/tube-rectangulaire;/images/produits/acier/tubes/tube-rectangulaire/tube-rectangle-80x40x2mm-en-acier-caracteristiques.webp;caracteristiques;CONFORME;2026-09-15
tube-rectangle-80x40x3mm-en-acier;/acier/tubes/tube-rectangulaire;/images/produits/acier/tubes/tube-rectangulaire/tube-rectangle-80x40x3mm-en-acier-caracteristiques.webp;caracteristiques;CONFORME;2026-09-15
tube-rectangle-80x40x4mm-en-acier;/acier/tubes/tube-rectangulaire;/images/produits/acier/tubes/tube-rectangulaire/tube-rectangle-80x40x4mm-en-acier-caracteristiques.webp;caracteristiques;CONFORME;2026-09-15
studio-tube-rond;/acier/tubes/tube-rond;/images/produits/acier/tubes/tube-rond/studio-tube-rond.webp;studio;CONFORME;2026-09-15
tube-rond-101-6x3-65mm-en-acier-brut-serie-legere;/acier/tubes/tube-rond;/images/produits/acier/tubes/tube-rond/tube-rond-101-6x3-65mm-en-acier-brut-serie-legere-caracteristiques.webp;caracteristiques;CONFORME;2026-09-15
tube-rond-114-3x3-65mm-en-acier-brut-serie-legere;/acier/tubes/tube-rond;/images/produits/acier/tubes/tube-rond/tube-rond-114-3x3-65mm-en-acier-brut-serie-legere-caracteristiques.webp;caracteristiques;CONFORME;2026-09-15
tube-rond-17-2-18-x2mm-en-acier-brut-serie-legere;/acier/tubes/tube-rond;/images/produits/acier/tubes/tube-rond/tube-rond-17-2-18-x2mm-en-acier-brut-serie-legere-caracteristiques.webp;caracteristiques;CONFORME;2026-09-15
tube-rond-21-3x2mm-en-acier-brut-serie-legere;/acier/tubes/tube-rond;/images/produits/acier/tubes/tube-rond/tube-rond-21-3x2mm-en-acier-brut-serie-legere-caracteristiques.webp;caracteristiques;CONFORME;2026-09-15
tube-rond-26-9x2-5mm-en-acier-brut-serie-legere;/acier/tubes/tube-rond;/images/produits/acier/tubes/tube-rond/tube-rond-26-9x2-5mm-en-acier-brut-serie-legere-caracteristiques.webp;caracteristiques;CONFORME;2026-09-15
tube-rond-33-7x2-5mm-en-acier-brut-serie-legere;/acier/tubes/tube-rond;/images/produits/acier/tubes/tube-rond/tube-rond-33-7x2-5mm-en-acier-brut-serie-legere-caracteristiques.webp;caracteristiques;CONFORME;2026-09-15
tube-rond-42-4x2-5mm-en-acier-brut-serie-legere;/acier/tubes/tube-rond;/images/produits/acier/tubes/tube-rond/tube-rond-42-4x2-5mm-en-acier-brut-serie-legere-caracteristiques.webp;caracteristiques;CONFORME;2026-09-15
tube-rond-48-3x3mm-en-acier-brut-serie-legere;/acier/tubes/tube-rond;/images/produits/acier/tubes/tube-rond/tube-rond-48-3x3mm-en-acier-brut-serie-legere-caracteristiques.webp;caracteristiques;CONFORME;2026-09-15
tube-rond-60-3x3mm-en-acier-brut-serie-legere;/acier/tubes/tube-rond;/images/produits/acier/tubes/tube-rond/tube-rond-60-3x3mm-en-acier-brut-serie-legere-caracteristiques.webp;caracteristiques;CONFORME;2026-09-15
tube-rond-76-1x3-25mm-en-acier-brut-serie-legere;/acier/tubes/tube-rond;/images/produits/acier/tubes/tube-rond/tube-rond-76-1x3-25mm-en-acier-brut-serie-legere-caracteristiques.webp;caracteristiques;CONFORME;2026-09-15
tube-rond-88-9x3-00mm-en-acier-brut-serie-legere;/acier/tubes/tube-rond;/images/produits/acier/tubes/tube-rond/tube-rond-88-9x3-00mm-en-acier-brut-serie-legere-caracteristiques.webp;caracteristiques;CONFORME;2026-09-15
